"Date","Samsung","Apple","Unknown","Nokia","Huawei","LG","Xiaomi","Sony","Motorola","Oppo","HTC","Lenovo","RIM","Micromax","Mobicel","Asus","General Mobile","Google","BBK","ZTE","Alcatel","OnePlus","Lava","Tecno","Gionee","Vodafone","Infinix","Realme","Turkcell","Wiko","Coolpad","Lyf","Casper","Hisense","Vestel","Spice","Itel","AIS","Meizu","bq","Vivo","QMobile","LeEco","Panasonic","True","Acer","Kyocera","Reliance Digital","Pantech","InFocus","Intex","Xolo","Nintendo","Smartfren","Archos","Blu","HP","i-Mobile","Avea","Condor","Karbonn","dtac","Yu","Symphony","Lanix","T-Mobile","Sharp","Other"
2010-04,2.37,33.15,0,37.58,0,0.23,0,8.3,0.3,0,0.09,0,15.86,0,0,0,0,0.18,0,0,0,0,0,0,0,0,0,0,0,0,0,0,0,0,0,0,0,0,0,0,0,0,0,0,0,0,0,0,0,0,0,0,0.3,0,0,0,0,0,0,0,0,0,0,0,0,0.97,0,0.67
2010-05,3.27,33.09,0,37.37,0,0.08,0,7.96,0.12,0,0.03,0,16.16,0,0,0,0,0.17,0,0,0,0,0,0,0,0,0,0,0,0,0,0,0,0,0,0,0,0,0,0,0,0,0,0,0,0,0,0,0,0,0,0,0.29,0,0,0,0,0,0,0,0,0,0,0,0,0.79,0,0.66
2010-06,3.86,30.71,0,38.28,0,0.08,0,7.9,0.11,0,0.03,0,17.23,0,0,0,0,0.19,0,0,0,0,0,0,0,0,0,0,0,0,0,0,0,0,0,0,0,0,0,0,0,0,0,0,0,0,0,0,0,0,0,0,0.28,0,0,0,0,0,0,0,0,0,0,0,0,0.66,0,0.66
2010-07,3.83,30.09,0,36.78,0,0.21,0,7.9,0.29,0,0.07,0,19.04,0,0,0,0,0.21,0,0,0,0,0,0,0,0,0,0,0,0,0,0,0,0,0,0,0,0,0,0,0,0,0,0,0,0,0,0,0,0,0,0,0.28,0,0,0,0,0,0,0,0,0,0,0,0,0.58,0,0.71
2010-08,4.07,29.82,0,36.4,0,0.22,0,7.81,0.35,0,0.07,0,19.71,0,0,0,0,0.19,0,0,0,0,0,0,0,0,0,0,0,0,0,0,0,0,0,0,0,0,0,0,0,0,0,0,0,0,0,0,0,0,0,0,0.27,0,0,0,0,0,0,0,0,0,0,0,0,0.46,0,0.63
2010-09,4.53,26.72,0,38.06,0,0.18,0,7.84,0.4,0,0.06,0,20.99,0,0,0,0,0.17,0,0,0,0,0,0,0,0,0,0,0,0,0,0,0,0,0,0,0,0,0,0,0,0,0,0,0,0,0,0,0,0,0,0,0.17,0,0,0,0,0,0,0,0,0,0,0,0,0.35,0,0.51
2010-10,4.68,26.5,0,37.81,0,0.16,0,7.81,0.42,0,0.05,0,21.51,0,0,0,0,0.16,0,0,0,0,0,0,0,0,0,0,0,0,0,0,0,0,0,0,0,0,0,0,0,0,0,0,0,0,0,0,0,0,0,0,0.15,0,0,0,0,0,0,0,0,0,0,0,0,0.29,0,0.45
2010-11,5.59,25.72,0,36.54,0,0.15,0,7.04,1.37,0,0.04,0,22.6,0,0,0,0,0.15,0,0,0,0,0,0,0,0,0,0,0,0,0,0,0,0,0,0,0,0,0,0,0,0,0,0,0,0,0,0,0,0,0,0,0.15,0,0,0,0,0,0,0,0,0,0,0,0,0.24,0,0.4
2010-12,6.6,28.04,0,34.4,0,0.15,0,6.6,1.76,0,0.04,0,21.48,0,0,0,0,0.15,0,0,0,0,0,0,0,0,0,0,0,0,0,0,0,0,0,0,0,0,0,0,0,0,0,0,0,0,0,0,0,0,0,0,0.18,0,0,0,0,0,0,0,0,0,0,0,0,0.21,0,0.39
2011-01,7.06,30.2,0,35.58,0,0.17,0,6.26,1.62,0,0.09,0,18.15,0,0,0,0,0.14,0,0,0,0,0,0,0,0,0,0,0,0,0,0,0,0,0,0,0,0,0,0,0,0,0,0,0,0,0,0,0,0,0,0,0.2,0,0,0,0,0,0,0,0,0,0,0,0,0.17,0,0.35
2011-02,7.36,29.83,0,36.36,0,0.18,0,6.23,1.52,0,0.15,0,17.64,0,0,0,0,0.13,0,0,0,0,0,0,0,0,0,0,0,0,0,0,0,0,0,0,0,0,0,0,0,0,0,0,0,0,0,0,0,0,0,0,0.16,0,0,0,0,0,0,0,0,0,0,0,0,0.14,0,0.3
2011-03,7.88,29.76,0,36.51,0,0.17,0,6.16,1.47,0,0.17,0,17.22,0,0,0,0,0.13,0,0,0,0,0,0,0,0,0,0,0,0,0,0,0,0,0,0,0,0,0,0,0,0,0,0,0,0,0,0,0,0,0,0,0.17,0,0,0,0,0,0,0,0,0,0,0,0,0.11,0,0.26
2011-04,8.56,28.6,0,37.88,0,0.17,0,6.1,1.31,0,0.18,0,16.6,0,0,0,0,0.11,0,0,0,0,0,0,0,0,0,0,0,0,0,0,0,0,0,0,0,0,0,0,0,0,0,0,0,0,0,0,0,0,0,0,0.16,0,0,0,0,0,0,0,0,0,0,0,0,0.1,0,0.22
2011-05,9.65,27.63,0,38.39,0,0.16,0,5.99,1.04,0,0.18,0,16.2,0,0,0,0,0.1,0,0,0,0,0,0,0,0,0,0,0,0,0,0,0,0,0,0,0,0,0,0,0,0,0,0,0,0,0,0,0,0,0,0,0.14,0,0,0,0,0,0,0,0,0,0,0,0,0.33,0,0.19
2011-06,10.77,25.11,0,41.34,0,0.16,0,5.64,0.92,0,0.17,0,15.23,0,0,0,0,0.1,0,0,0,0,0,0,0,0,0,0,0,0,0,0,0,0,0,0,0,0,0,0,0,0,0,0,0,0,0,0,0,0,0,0,0.13,0,0,0,0,0,0,0,0,0,0,0,0,0.29,0,0.15
2011-07,11.49,25.22,0,40.23,0,0.16,0,5.49,0.84,0,0.18,0,15.72,0,0,0,0,0.17,0,0,0,0,0,0,0,0,0,0,0,0,0,0,0,0,0,0,0,0,0,0,0,0,0,0,0,0,0,0,0,0,0,0,0.12,0,0,0,0,0,0,0,0,0,0,0,0,0.26,0,0.14
2011-08,12.84,24.65,0,40.18,0,0.15,0,5.37,0.81,0,0.19,0,15.05,0,0,0,0,0.33,0,0,0,0,0,0,0,0,0,0,0,0,0,0,0,0,0,0,0,0,0,0,0,0,0,0,0,0,0,0,0,0,0,0,0.12,0,0,0,0,0,0,0,0,0,0,0,0,0.19,0,0.12
2011-09,12.73,27.06,0,40.04,0,0.15,0,4.69,0.69,0,0.3,0,13.7,0,0,0,0,0.33,0,0,0,0,0,0,0,0,0,0,0,0,0,0,0,0,0,0,0,0,0,0,0,0,0,0,0,0,0,0,0,0,0,0,0.11,0,0,0,0,0,0,0,0,0,0,0,0,0.07,0,0.12
2011-10,12.64,28.78,0,36.08,0,1.62,0,4.32,0.62,0,3.57,0,11.64,0,0,0,0,0.31,0,0,0,0,0,0,0,0,0,0,0,0,0,0,0,0,0,0,0,0,0,0,0,0,0,0,0,0.01,0,0,0,0,0,0,0.13,0,0,0,0,0,0,0,0,0,0,0,0,0.16,0,0.11
2011-11,13.1,29.07,0,36.74,0,1.79,0,4.05,0.76,0,3.75,0,10.15,0,0,0,0,0.28,0,0,0,0,0,0,0,0,0,0,0,0,0,0,0,0,0,0,0,0,0,0,0,0,0,0,0,0,0,0,0,0,0,0,0.12,0,0,0,0,0,0,0,0,0,0,0,0,0.1,0,0.1
2011-12,13.63,27.06,0,39.43,0,1.72,0,4.11,0.74,0,3.43,0,9.29,0,0,0,0,0.26,0,0,0,0,0,0,0,0,0,0,0,0,0,0,0,0,0,0,0,0,0,0,0,0,0,0,0,0,0,0,0,0,0,0,0.18,0,0,0,0,0,0,0,0,0,0,0,0,0.08,0,0.08
2012-01,14.84,28.67,0,37.67,0,1.83,0,3.92,0.69,0,3.45,0,8.3,0,0,0,0,0.26,0,0,0,0,0,0,0,0,0,0,0,0,0,0,0,0,0,0,0,0,0,0,0,0,0,0,0,0,0,0,0,0,0,0,0.24,0,0,0,0,0,0,0,0,0,0,0,0,0.07,0,0.06
2012-02,14.91,30.58,0,35.96,0,1.95,0,3.72,0.67,0,3.5,0,8.14,0,0,0,0,0.26,0,0,0,0,0,0,0,0,0,0,0,0,0,0,0,0,0,0,0,0,0,0,0,0,0,0,0,0,0,0,0,0,0,0,0.19,0,0,0,0,0,0,0,0,0,0,0,0,0.06,0,0.06
2012-03,14.02,24.87,13.23,32.51,0.06,1.53,0,3.29,0.52,0,2.78,0,6.7,0,0,0,0,0.22,0,0,0,0,0,0,0,0,0,0,0,0,0,0,0,0,0,0,0,0,0,0,0,0,0,0,0,0,0,0,0,0,0,0,0.19,0,0,0,0,0,0,0,0,0,0,0,0,0.04,0,0.04
2012-04,14.03,21.47,20.33,29.25,0.36,1.41,0,2.92,0.91,0,2.99,0,5.63,0,0,0,0,0.33,0,0.05,0.01,0,0,0,0,0,0,0,0,0,0,0,0,0,0,0,0,0,0,0,0,0,0,0,0,0,0,0,0.03,0,0,0,0.18,0,0,0,0,0,0,0,0,0,0,0,0,0.03,0,0.05
2012-05,17.13,22.04,12.37,30.35,0.49,1.9,0,3.01,1.81,0,4.18,0,5.47,0,0,0,0,0.35,0,0.29,0.04,0,0,0,0,0.02,0,0,0,0,0,0,0,0,0,0,0,0,0,0,0,0,0,0,0,0,0.03,0,0.15,0,0,0,0.19,0,0,0,0,0,0,0,0,0,0,0,0,0.03,0.01,0.12
2012-06,17.92,24.56,8.21,30.65,0.57,2,0.01,3.06,1.93,0,4.34,0.01,5.3,0.03,0,0,0,0.4,0,0.34,0.05,0,0,0,0,0.02,0,0,0,0,0,0,0,0,0,0,0,0,0,0,0,0,0,0,0,0,0.05,0,0.18,0,0,0,0.19,0,0,0,0,0,0,0,0,0,0,0,0,0.03,0.02,0.14
2012-07,19.46,25.43,7.69,28.05,0.62,2.21,0.02,3.11,2.02,0,4.41,0.02,5,0.43,0,0,0,0.41,0,0.38,0.07,0,0,0,0,0.02,0,0,0,0,0,0,0,0,0,0,0,0,0,0,0,0,0,0,0,0,0.04,0,0.19,0,0,0,0.23,0,0,0,0,0,0,0,0,0,0,0,0,0.03,0.02,0.14
2012-08,20.64,24.49,7.83,27.69,0.68,2.18,0.02,3.16,2,0,4.38,0.03,4.69,0.55,0,0,0,0.43,0,0.41,0.08,0,0,0,0,0.02,0,0,0,0,0,0,0,0,0,0,0,0,0,0,0,0,0,0,0,0.1,0.04,0,0.18,0,0,0,0.23,0,0,0,0,0,0,0,0,0,0,0,0,0.02,0.02,0.13
2012-09,21.47,23.64,8.09,27.52,0.69,2.19,0.02,3.15,2.07,0,4.26,0.04,4.6,0.58,0,0,0,0.43,0,0.42,0.1,0,0,0,0,0.03,0,0,0,0,0,0,0,0,0,0,0,0,0,0,0,0,0,0,0,0.1,0.05,0,0.17,0,0,0,0.2,0,0,0,0,0,0,0,0,0,0,0,0,0.02,0.02,0.12
2012-10,21.79,23.73,8.79,26.93,0.7,2.25,0.02,3.08,1.99,0,4.05,0.04,4.36,0.6,0,0,0,0.43,0,0.42,0.1,0,0,0,0,0.04,0,0,0,0,0,0,0,0,0,0,0,0,0,0,0,0,0,0,0,0.1,0.05,0,0.19,0,0,0,0.18,0,0,0,0,0,0,0,0,0,0,0,0,0.02,0.02,0.11
2012-11,21.91,23.81,9.71,26.31,0.73,2.37,0.02,3.02,1.9,0,3.87,0.04,4,0.61,0,0,0,0.43,0,0.41,0.11,0,0,0,0,0.04,0,0,0,0,0,0,0,0,0,0,0,0,0,0,0,0,0,0,0,0.1,0.07,0,0.21,0,0,0,0.19,0,0,0,0,0,0,0,0,0,0,0,0,0.02,0.01,0.11
2012-12,22.94,23.27,10.13,25.97,0.74,2.5,0.03,2.87,1.79,0,3.61,0.05,3.61,0.64,0,0,0,0.43,0,0.41,0.12,0,0,0,0,0.05,0,0,0.07,0,0,0,0,0,0,0,0,0,0,0,0,0,0,0,0,0.11,0.08,0,0.31,0,0,0,0.18,0,0,0,0,0,0,0,0,0,0,0,0,0.02,0.01,0.1
2013-01,22.69,25.86,10.95,22.15,0.85,2.79,0.05,2.78,1.81,0,3.69,0.14,3.48,0.57,0,0,0,0.46,0,0.48,0.13,0,0,0,0,0.05,0,0,0.09,0,0,0,0,0,0,0,0,0,0,0,0,0,0,0,0,0.13,0.1,0,0.43,0,0,0,0.19,0,0.01,0,0,0,0,0,0,0,0,0,0,0.02,0.01,0.1
2013-02,23.04,27.22,10.7,21.28,0.78,2.84,0.03,2.77,1.75,0,3.45,0.06,3.42,0.6,0,0,0,0.44,0,0.42,0.14,0,0,0,0,0.05,0,0,0.09,0,0,0,0,0,0,0,0,0,0,0,0,0,0,0,0,0.13,0.1,0,0.37,0,0,0,0.19,0,0.01,0,0,0,0,0,0,0,0,0,0,0.01,0.02,0.1
2013-03,24.32,27.16,9.63,21.15,0.8,2.7,0.04,2.86,1.81,0,3.37,0.07,3.39,0.63,0,0,0,0.5,0,0.45,0.15,0,0,0,0,0.05,0,0,0.08,0,0,0,0,0.02,0,0,0,0,0,0,0,0,0,0,0,0.09,0.11,0,0.27,0,0,0,0.21,0,0.01,0,0,0,0,0,0,0,0,0,0,0.01,0.01,0.1
2013-04,25,26.48,10.06,20.91,0.78,2.76,0.04,2.82,1.71,0,3.19,0.08,3.4,0.7,0,0,0,0.51,0,0.44,0.16,0,0,0,0,0.05,0,0,0.11,0,0.01,0,0,0.03,0,0,0,0,0,0,0,0,0,0,0,0.07,0.11,0,0.27,0,0,0,0.2,0,0.01,0,0,0,0,0,0,0,0,0,0,0.01,0.01,0.09
2013-05,25.39,25.87,10.05,21.17,0.77,2.77,0.04,2.75,1.58,0,3.03,0.1,3.63,0.83,0,0,0,0.51,0,0.43,0.18,0,0,0,0,0.05,0,0,0.1,0,0.01,0,0,0.04,0,0,0,0,0,0,0,0,0,0,0,0.07,0.1,0,0.27,0,0,0,0.14,0,0.01,0,0,0,0,0,0,0,0,0,0,0.01,0.01,0.08
2013-06,25.47,25.09,10.33,21.96,0.78,2.59,0.04,2.65,1.45,0,2.93,0.13,3.62,0.99,0,0,0,0.49,0,0.42,0.21,0,0,0,0,0.05,0,0,0.09,0,0.02,0,0,0.04,0,0,0,0,0,0,0,0,0,0,0,0.06,0.11,0,0.21,0,0,0,0.14,0,0.01,0,0,0,0,0,0,0,0,0,0,0.01,0.01,0.07
2013-07,25.19,24.74,11.09,21.75,0.79,2.74,0.03,2.45,1.4,0,2.85,0.14,3.67,1.14,0,0,0,0.5,0,0.42,0.24,0,0,0,0,0.05,0,0,0.07,0,0.02,0,0,0.04,0,0,0,0,0,0,0,0,0,0,0,0.07,0.11,0,0.26,0,0,0,0.13,0,0.01,0,0,0,0,0,0,0,0,0,0,0.01,0.01,0.08
2013-08,25.69,23.39,12.1,21.66,0.81,2.78,0.04,2.34,1.22,0,2.73,0.2,3.75,1.3,0,0,0,0.49,0,0.42,0.25,0,0,0,0,0.05,0,0,0.07,0,0.02,0,0,0.05,0,0,0,0,0,0,0,0,0,0,0,0.07,0.1,0,0.25,0,0,0,0.09,0,0.01,0,0,0,0,0,0,0,0,0,0,0.01,0.01,0.08
2013-09,26.16,22.68,12.89,21.61,0.79,2.78,0.03,2.21,1.11,0,2.6,0.21,3.75,1.34,0,0,0,0.46,0,0.37,0.25,0,0,0,0,0.06,0,0,0.07,0,0.02,0,0,0.04,0,0,0,0,0,0,0,0,0,0,0,0.07,0.09,0,0.24,0,0,0,0.07,0,0.01,0,0,0,0,0,0,0,0,0,0,0.01,0.01,0.07
2013-10,25.54,20.5,15.22,22.31,0.82,2.84,0.03,2.15,0.98,0,2.39,0.28,3.81,1.34,0,0,0,0.42,0,0.36,0.31,0,0,0,0,0.07,0,0,0.07,0,0.01,0,0,0.04,0,0,0,0,0,0,0,0,0,0,0,0.06,0.09,0,0.21,0,0,0,0.05,0,0.01,0,0,0,0,0,0,0,0,0,0,0.01,0.01,0.06
2013-11,27.11,21.9,12.87,21.01,0.85,2.84,0.05,2.05,1.01,0,2.41,0.27,3.91,1.6,0,0,0,0.43,0,0.38,0.33,0,0,0,0,0.08,0,0,0.08,0,0.01,0,0,0.04,0,0.23,0,0,0.01,0,0,0,0,0,0,0.07,0.09,0,0.17,0,0,0,0.05,0,0.01,0,0.02,0,0,0,0,0,0,0,0,0.01,0.01,0.06
2013-12,27.48,21.79,13.62,20.18,0.9,2.81,0.06,1.88,0.95,0,2.33,0.33,3.71,1.79,0,0,0,0.41,0,0.39,0.35,0,0,0,0,0.08,0,0,0.09,0,0.02,0,0,0.04,0,0.3,0,0,0.01,0,0,0,0,0,0,0.07,0.1,0,0.15,0,0,0,0.04,0,0.01,0,0.04,0,0,0,0,0,0,0,0,0.01,0.01,0.05
2014-01,27.85,23.52,13.56,18.42,0.95,2.99,0.07,1.97,0.89,0,2.28,0.36,3.12,1.78,0,0,0.01,0.44,0,0.39,0.36,0,0,0,0,0.08,0,0,0.09,0,0.02,0,0,0.03,0,0.32,0,0,0.01,0,0,0,0,0,0,0.07,0.1,0,0.16,0,0,0,0.04,0,0.02,0,0.05,0,0,0,0,0,0,0,0,0.01,0.01,0.05
2014-02,30.4,22.94,11.43,17.27,0.98,3.07,0.08,2.65,1.1,0.02,2.25,0.4,2.7,1.81,0,0,0.52,0.53,0,0.39,0.4,0,0,0,0,0.11,0,0,0.11,0,0.03,0,0,0.02,0,0.3,0,0,0.01,0,0,0,0,0,0,0.07,0.09,0,0.14,0,0,0,0.03,0,0.02,0,0.05,0,0.01,0,0,0,0,0,0,0.01,0.01,0.05
2014-03,30.57,23.57,10.85,16.37,1.03,3.14,0.06,2.93,1.39,0.04,2.2,0.44,2.58,1.89,0,0,0.49,0.56,0,0.4,0.46,0,0,0,0,0.1,0,0,0.1,0,0.02,0,0,0.04,0,0.3,0,0,0.01,0,0,0,0,0,0,0.07,0.09,0,0.12,0,0,0,0.03,0,0.02,0,0.04,0,0.01,0,0,0,0,0,0,0.01,0,0.06
2014-04,31.59,23.21,10.51,15.61,1.1,3.16,0.08,3.11,1.44,0.05,2.25,0.49,2.23,1.88,0,0,0.65,0.59,0,0.44,0.49,0,0,0,0,0.11,0,0,0.12,0.01,0.03,0,0,0.04,0,0.3,0,0,0.01,0,0,0,0,0,0,0.08,0.08,0,0.1,0,0,0,0.03,0,0.02,0,0.05,0,0.02,0,0,0,0,0,0,0.01,0,0.09
2014-05,32.79,23.21,10.3,14.44,1.17,3.38,0.08,3.18,1.76,0.05,2.19,0.51,1.96,1.84,0,0,0.56,0.61,0.01,0.42,0.49,0,0,0,0,0.12,0,0,0.1,0.01,0.03,0,0,0.04,0,0.29,0,0,0.01,0,0,0,0,0,0,0.09,0.08,0,0.09,0,0,0,0.03,0,0.03,0,0.05,0,0.02,0,0,0,0,0,0,0,0,0.09
2014-06,32.6,24.25,10.31,13.34,1.28,3.36,0.08,3.19,1.63,0.06,2.26,0.56,1.94,1.92,0,0,0.57,0.62,0.01,0.43,0.52,0,0,0,0,0.11,0,0,0.09,0.01,0.04,0,0,0.05,0,0.28,0,0,0.01,0,0,0,0,0,0,0.1,0.08,0,0.08,0,0,0,0.03,0,0.03,0,0.05,0,0.02,0,0,0,0,0,0,0,0,0.1
2014-07,32.55,24.87,10.04,12.64,1.29,3.4,0.14,3.47,1.76,0.07,2.27,0.55,1.73,1.96,0,0.03,0.48,0.67,0.01,0.38,0.54,0,0.05,0,0,0.11,0,0,0.07,0.06,0.04,0,0,0.04,0,0.27,0,0,0.01,0.02,0,0,0,0,0,0.1,0.07,0,0.07,0,0,0,0.03,0,0.03,0,0.06,0,0.02,0,0,0,0,0,0,0,0.01,0.11
2014-08,32.77,23.55,10.33,12.54,1.3,3.49,0.19,3.47,1.88,0.11,2.31,0.62,1.66,2.16,0,0.11,0.61,0.64,0.01,0.41,0.54,0,0.06,0,0,0.11,0,0,0.11,0.05,0.05,0,0,0.07,0,0.31,0,0,0.01,0.03,0,0,0,0,0,0.09,0.09,0,0.07,0,0,0,0.02,0,0.03,0,0.06,0,0.03,0,0,0,0,0,0,0.01,0.01,0.12
2014-09,33.13,24.72,9.13,11.97,1.33,3.55,0.22,3.42,2.01,0.14,2.3,0.64,1.64,2.13,0,0.14,0.63,0.64,0.01,0.41,0.52,0.01,0.06,0,0,0.12,0,0,0.14,0.04,0.05,0,0,0.07,0,0.3,0,0,0.01,0.03,0,0,0,0,0,0.09,0.09,0,0.06,0,0,0,0.02,0,0.03,0,0.06,0,0.03,0,0,0,0,0,0,0.01,0.01,0.1
2014-10,33.68,25.96,8.47,10.3,1.44,3.8,0.28,3.62,2.29,0.13,2.26,0.61,1.34,1.91,0,0.16,0.69,0.63,0.02,0.46,0.57,0.02,0.06,0,0,0.14,0,0,0.18,0.07,0.04,0,0.01,0.06,0,0.25,0,0,0.02,0.06,0,0,0,0,0,0.09,0.08,0,0.05,0,0,0,0.02,0,0.05,0,0.07,0,0.03,0,0,0,0,0,0,0,0,0.1
2014-11,33.86,23.02,9.33,10.55,1.44,4.11,0.36,3.69,2.85,0.18,2.22,0.69,1.36,2.15,0,0.22,0.79,0.59,0.03,0.47,0.54,0.03,0.07,0,0,0.14,0,0,0.2,0.06,0.05,0,0.03,0.08,0,0.28,0,0,0.02,0.07,0,0,0,0,0,0.09,0.09,0,0.05,0,0,0,0.02,0,0.04,0,0.07,0,0.03,0,0,0,0,0,0,0,0.01,0.11
2014-12,33,23.51,9.37,10.9,1.46,4.01,0.43,3.64,2.58,0.22,2.3,0.77,1.38,2.15,0,0.3,0.65,0.58,0.04,0.49,0.6,0.04,0.1,0,0,0.13,0,0,0.15,0.07,0.06,0,0.04,0.1,0,0.28,0,0,0.02,0.07,0,0,0,0,0,0.08,0.11,0,0.04,0.01,0,0,0.02,0,0.04,0,0.06,0,0.02,0,0,0,0,0,0,0,0.02,0.13
2015-01,32.21,22.75,9.69,11.24,1.57,4.01,0.52,3.6,2.28,0.27,2.37,0.93,1.36,2.3,0,0.43,0.88,0.59,0.05,0.52,0.66,0.06,0.13,0,0,0.13,0,0,0.2,0.06,0.07,0,0.06,0.11,0.01,0.28,0,0,0.03,0.06,0,0,0,0,0,0.08,0.1,0,0.05,0.02,0,0,0.02,0,0.04,0,0.07,0,0.03,0,0,0,0,0,0,0,0.02,0.15
2015-02,32,23.17,9.61,10.25,1.65,4.19,0.6,3.62,2.29,0.31,2.42,1,1.25,2.23,0,0.53,1.05,0.57,0.05,0.58,0.71,0.07,0.12,0,0,0.14,0,0,0.24,0.06,0.08,0,0.08,0.11,0.02,0.25,0,0.02,0.04,0.06,0,0,0,0,0,0.07,0.1,0,0.05,0.03,0,0,0.02,0,0.04,0,0.07,0,0.04,0,0,0,0,0,0,0,0.02,0.16
2015-03,32.09,22.64,10.06,9.68,1.69,4.18,0.63,3.62,2.3,0.35,2.41,1.06,1.25,2.44,0,0.6,1.1,0.58,0.06,0.58,0.71,0.08,0.13,0,0,0.13,0,0,0.24,0.07,0.09,0,0.1,0.12,0.03,0.24,0,0.05,0.05,0.08,0,0,0,0,0,0.07,0.1,0,0.04,0.02,0,0,0.02,0,0.04,0,0.07,0,0.05,0,0,0,0,0,0,0,0.02,0.15
2015-04,32.26,20.78,10.85,9.86,1.78,4.21,0.63,3.69,2.32,0.4,2.41,1.14,1.27,2.49,0,0.67,1.19,0.65,0.07,0.59,0.7,0.09,0.13,0,0,0.14,0,0,0.25,0.07,0.09,0,0.11,0.13,0.04,0.24,0,0.07,0.05,0.08,0,0,0,0,0,0.07,0.09,0,0.04,0.02,0,0,0.01,0,0.04,0,0.06,0,0.05,0,0,0,0,0,0,0,0.02,0.13
2015-05,32.2,20.22,11.29,9.76,1.83,4.18,0.72,3.65,2.29,0.46,2.35,1.2,1.19,2.56,0,0.7,1.2,0.7,0.09,0.6,0.67,0.09,0.13,0,0.01,0.13,0,0,0.25,0.07,0.11,0,0.12,0.13,0.06,0.23,0,0.09,0.06,0.09,0,0,0,0,0,0.07,0.09,0,0.03,0.03,0,0,0.01,0,0.04,0,0.06,0,0.05,0,0,0,0,0,0.01,0,0.02,0.15
2015-06,31.57,20.22,12.2,9.58,1.88,4.14,0.79,3.49,2.25,0.47,2.28,1.3,1.32,2.69,0,0.7,1.14,0.63,0.09,0.58,0.64,0.09,0.12,0,0.01,0.13,0,0,0.24,0.07,0.11,0,0.12,0.14,0.06,0.23,0,0.08,0.07,0.07,0,0,0,0,0,0.07,0.09,0,0.03,0.03,0,0,0.01,0,0.03,0,0.06,0,0.05,0,0,0,0,0,0.01,0,0.02,0.13
2015-07,31.4,20.41,12.33,9.13,1.94,4.21,0.8,3.36,2.13,0.47,2.27,1.41,1.25,2.55,0,0.71,1.37,0.87,0.12,0.58,0.62,0.09,0.1,0,0.01,0.13,0,0,0.28,0.07,0.13,0,0.15,0.14,0.08,0.21,0,0.07,0.07,0.06,0,0,0,0,0,0.06,0.08,0,0.03,0.03,0,0,0.01,0,0.03,0,0.05,0,0.06,0,0,0,0,0,0.01,0,0.02,0.12
2015-08,31.73,19.03,13.3,8.61,2.14,4.1,0.92,3.26,2.08,0.55,2.19,1.53,1.42,2.6,0,0.8,1.44,0.79,0.17,0.57,0.58,0.08,0.1,0,0.01,0.15,0,0,0.29,0.06,0.15,0,0.16,0.17,0.09,0.2,0,0.09,0.1,0.07,0,0,0,0,0,0.06,0.07,0,0.03,0.02,0,0,0.01,0,0.03,0,0.05,0,0.06,0,0,0,0,0,0.01,0,0.02,0.12
2015-09,32.52,18.14,13.56,8.32,2.16,4.15,0.78,3.24,2.11,0.54,2.19,1.62,1.32,2.64,0,0.87,1.49,0.83,0.16,0.56,0.57,0.08,0.09,0,0.02,0.16,0,0,0.28,0.06,0.11,0,0.17,0.2,0.09,0.19,0,0.13,0.09,0.07,0,0,0,0,0,0.06,0.07,0,0.02,0.02,0,0,0.01,0,0.03,0,0.05,0,0.06,0,0,0,0,0,0.01,0,0.01,0.1
2015-10,32.64,17.7,13.64,8.36,2.21,4.26,0.74,3.25,2.12,0.5,2.23,1.67,1.16,2.62,0,0.88,1.65,0.91,0.15,0.56,0.54,0.08,0.09,0,0.03,0.17,0,0,0.29,0.07,0.11,0,0.18,0.18,0.1,0.19,0,0.13,0.08,0.08,0,0,0,0,0,0.06,0.06,0,0.02,0.02,0,0,0.01,0,0.03,0,0.05,0,0.07,0,0,0,0,0,0.01,0,0.01,0.1
2015-11,31.76,19.3,13.58,8.13,2.27,4.36,0.7,3.23,2.2,0.45,2.22,1.73,1.06,2.49,0,0.85,1.45,0.95,0.13,0.53,0.53,0.09,0.07,0,0.04,0.15,0,0,0.26,0.07,0.09,0,0.16,0.15,0.09,0.18,0,0.11,0.08,0.09,0,0,0,0,0,0.06,0.06,0,0.02,0.02,0,0,0.01,0,0.04,0,0.05,0,0.06,0,0,0,0,0,0.02,0,0.01,0.1
2015-12,30.92,19.21,14.91,7.94,2.41,4.19,0.73,3.14,2.08,0.48,2.22,1.93,1.15,2.62,0,0.86,1.23,0.85,0.15,0.51,0.5,0.09,0.07,0,0.04,0.14,0,0,0.21,0.07,0.09,0,0.13,0.17,0.08,0.17,0,0.1,0.09,0.1,0,0,0,0,0,0.06,0.06,0,0.02,0.02,0,0,0.01,0,0.04,0,0.04,0,0.05,0,0,0,0,0,0.02,0,0.01,0.1
2016-01,30.56,19.58,15.58,7.43,2.59,4.28,0.75,3.07,2.18,0.47,2.17,2,1.04,2.57,0,0.85,1.16,0.71,0.15,0.48,0.47,0.09,0.07,0,0.05,0.14,0,0,0.2,0.07,0.09,0,0.13,0.16,0.07,0.16,0,0.09,0.09,0.11,0,0,0,0,0,0.06,0.05,0,0.02,0.02,0,0,0.01,0,0.04,0,0.05,0,0.05,0,0,0,0,0,0.02,0,0.01,0.1
2016-02,30.63,19.47,15.96,7.26,2.73,4.1,0.82,3.01,2.09,0.48,2.18,2.15,1.05,2.63,0,0.88,1.05,0.57,0.16,0.46,0.45,0.09,0.06,0,0.05,0.16,0,0,0.19,0.07,0.09,0,0.12,0.16,0.07,0.16,0,0.08,0.09,0.1,0,0,0,0,0,0.05,0.05,0,0.02,0.02,0,0,0.01,0,0.04,0,0.04,0,0.04,0,0,0,0,0,0.01,0,0.01,0.1
2016-03,32.65,18.82,14.27,6.66,2.94,4.1,1.01,3.13,2.05,0.58,2.11,2.17,0.98,2.46,0,1.14,1.13,0.54,0.17,0.47,0.46,0.12,0.06,0,0.06,0.26,0,0,0.25,0.09,0.1,0,0.16,0.15,0.08,0.15,0,0.08,0.1,0.11,0,0,0,0,0,0.05,0.04,0,0.01,0.02,0,0,0.01,0,0.04,0,0.04,0,0.04,0,0,0,0,0,0.01,0,0.01,0.11
2016-04,32.34,18.8,14.73,6.47,3.12,4.1,1.06,3.07,2.09,0.57,2.07,2.25,1.02,2.35,0,1.15,1.01,0.55,0.19,0.48,0.45,0.13,0.05,0,0.07,0.26,0,0,0.23,0.1,0.11,0,0.14,0.14,0.07,0.14,0,0.06,0.12,0.12,0,0,0,0,0,0.05,0.04,0,0.01,0.02,0,0,0.01,0,0.04,0,0.04,0,0.04,0,0,0,0,0,0.01,0,0.01,0.12
2016-05,32.17,18.63,15.49,6.23,3.25,3.98,1.05,2.98,2.13,0.54,2.01,2.34,0.99,2.46,0,1.13,0.89,0.62,0.18,0.46,0.43,0.13,0.05,0,0.07,0.25,0,0,0.21,0.1,0.1,0,0.13,0.14,0.06,0.14,0,0.06,0.11,0.12,0,0,0,0,0,0.05,0.03,0,0.01,0.01,0,0,0,0,0.04,0,0.04,0,0.04,0,0,0,0,0,0.01,0,0.01,0.11
2016-06,32.49,20.33,14.5,5.42,3.56,4.3,0.99,2.95,2.11,0.48,2.03,2.18,0.88,2.01,0,1.03,0.91,0.73,0.19,0.48,0.44,0.14,0.04,0,0.06,0.25,0,0,0.21,0.11,0.1,0,0.14,0.09,0.07,0.12,0,0.07,0.12,0.11,0,0,0,0,0,0.05,0.03,0,0.01,0.01,0,0,0.01,0,0.04,0,0.03,0,0.03,0,0,0,0,0,0.01,0,0.01,0.12
2016-07,32.19,19.89,15.36,5.36,3.74,4.23,1.02,2.77,2.2,0.47,2,2.24,0.8,1.96,0,0.99,0.87,0.88,0.21,0.48,0.42,0.14,0.03,0,0.07,0.24,0,0,0.2,0.11,0.11,0,0.13,0.07,0.07,0.11,0,0.06,0.13,0.11,0,0,0,0,0,0.05,0.03,0,0.01,0.01,0,0,0.01,0,0.04,0,0.03,0,0.03,0,0,0,0,0,0.01,0,0.01,0.12
2016-08,32.17,20.07,15.96,5.09,3.87,4.32,0.94,2.66,2.23,0.41,1.98,2.24,0.68,1.95,0,0.95,0.9,0.68,0.18,0.47,0.4,0.13,0.03,0,0.07,0.22,0,0,0.2,0.11,0.1,0,0.13,0.06,0.07,0.1,0,0.07,0.12,0.12,0,0,0,0,0,0.05,0.03,0,0.01,0.01,0,0,0.01,0,0.04,0,0.03,0,0.03,0,0,0,0,0,0.01,0,0.01,0.11
2016-09,32.33,19.38,17.1,4.78,3.83,4.18,0.92,2.56,2.26,0.38,1.99,2.47,0.64,2.14,0,0.96,0.9,0.38,0.15,0.46,0.37,0.13,0.04,0,0.1,0.21,0,0,0.2,0.11,0.08,0,0.13,0.05,0.07,0.11,0,0.08,0.11,0.11,0,0,0,0,0,0.04,0.03,0,0.01,0.01,0,0,0,0,0.04,0,0.03,0,0.03,0,0,0,0,0,0.01,0,0,0.1
2016-10,32.7,19.12,16.06,4.38,3.69,4.04,1.35,2.39,2.36,0.72,1.91,2.82,0.6,2.1,0,1.04,0.94,0.37,0.3,0.49,0.35,0.15,0.03,0,0.15,0.22,0.01,0,0.21,0.13,0.13,0.05,0.16,0.04,0.1,0.1,0,0.09,0.1,0.11,0,0,0.08,0,0,0.04,0.02,0.11,0.01,0.01,0,0,0,0,0.04,0,0.03,0,0.03,0,0,0.01,0,0,0.01,0,0.02,0.09
2016-11,34.09,18.85,11.81,3.84,3.63,4.06,1.87,2.37,2.28,1.36,1.79,2.82,0.56,1.97,0,1.14,1.04,0.39,0.91,0.58,0.44,0.17,0.19,0.02,0.3,0.38,0.07,0,0.25,0.22,0.23,0.31,0.2,0.03,0.16,0.09,0,0.24,0.1,0.12,0,0.02,0.18,0.07,0.08,0.06,0.04,0.24,0.01,0.02,0,0,0,0.02,0.03,0.02,0.02,0.05,0.03,0,0,0.03,0.05,0,0.01,0,0.01,0.12
2016-12,33.63,18.89,10.31,3.57,3.68,3.89,2.11,2.39,2.19,1.63,1.74,2.91,0.46,2.03,0,1.17,0.97,0.39,1.1,0.62,0.56,0.19,0.41,0.14,0.41,0.4,0.22,0,0.24,0.23,0.26,0.46,0.2,0.04,0.16,0.08,0.01,0.35,0.11,0.12,0,0.07,0.2,0.17,0.17,0.08,0.05,0.25,0.01,0.06,0.01,0.04,0,0.05,0.03,0.04,0.02,0.08,0.03,0.01,0.01,0.03,0.07,0,0.02,0,0.01,0.2
2017-01,33.71,19.73,8.78,3.41,3.78,3.87,2.16,2.3,2.12,1.9,1.66,2.92,0.45,1.83,0,1.23,0.98,0.38,1.32,0.63,0.56,0.2,0.58,0.12,0.42,0.33,0.2,0,0.24,0.25,0.27,0.5,0.21,0.05,0.18,0.07,0.02,0.36,0.11,0.12,0,0.13,0.19,0.21,0.22,0.08,0.05,0.23,0.01,0.07,0.02,0.06,0.01,0.08,0.03,0.05,0.02,0.1,0.03,0.01,0.01,0.05,0.07,0,0.03,0,0.01,0.27
2017-02,33.11,19.45,8.22,3.29,3.95,3.75,2.39,2.22,2.12,2.14,1.64,3.08,0.48,1.76,0.07,1.25,0.9,0.38,1.49,0.62,0.59,0.22,0.58,0.36,0.47,0.31,0.38,0,0.22,0.26,0.3,0.55,0.21,0.06,0.18,0.05,0.1,0.32,0.12,0.11,0,0.18,0.2,0.22,0.22,0.08,0.05,0.23,0.01,0.08,0.08,0.07,0,0.09,0.03,0.07,0.02,0.1,0.02,0.02,0.02,0.06,0.07,0.01,0.03,0,0.01,0.33
2017-03,33.16,19.5,8.13,2.97,3.95,3.72,2.59,2.13,2.13,2.34,1.6,3.11,0.39,1.77,0.12,1.27,0.93,0.39,1.63,0.63,0.58,0.23,0.58,0.27,0.47,0.31,0.2,0,0.23,0.25,0.3,0.54,0.22,0.06,0.2,0.06,0.1,0.3,0.12,0.11,0,0.17,0.21,0.22,0.23,0.08,0.05,0.22,0.01,0.08,0.1,0.08,0,0.08,0.03,0.08,0.02,0.1,0.02,0.02,0.03,0.06,0.07,0.02,0.03,0,0.01,0.39
2017-04,33.02,19.87,7.79,2.69,4.15,3.64,2.77,2.11,2.11,2.51,1.56,3.07,0.35,1.62,0.25,1.29,0.92,0.36,1.66,0.64,0.58,0.26,0.66,0.26,0.45,0.3,0.2,0,0.22,0.28,0.29,0.49,0.23,0.05,0.21,0.05,0.1,0.36,0.12,0.12,0,0.16,0.2,0.2,0.26,0.08,0.04,0.18,0.01,0.08,0.09,0.07,0,0.08,0.03,0.08,0.02,0.12,0.02,0.03,0.04,0.08,0.06,0.02,0.03,0,0.01,0.4
2017-05,33.17,19.32,7.56,2.7,4.37,3.58,3.06,2.04,2.1,2.83,1.49,3.07,0.34,1.54,0.43,1.32,0.84,0.35,1.74,0.64,0.57,0.26,0.64,0.26,0.47,0.28,0.21,0,0.21,0.28,0.29,0.49,0.22,0.05,0.21,0.04,0.1,0.35,0.12,0.12,0,0.16,0.2,0.19,0.24,0.08,0.04,0.17,0.01,0.07,0.09,0.07,0,0.09,0.03,0.08,0.01,0.12,0.02,0.02,0.04,0.08,0.06,0.02,0.03,0,0.01,0.4
2017-06,33.1,19.35,7.37,2.5,4.48,3.65,3.28,1.99,2.11,2.97,1.46,3.09,0.3,1.48,0.62,1.29,0.8,0.34,1.71,0.66,0.58,0.25,0.59,0.28,0.48,0.27,0.23,0,0.19,0.27,0.29,0.48,0.22,0.06,0.21,0.04,0.13,0.29,0.13,0.1,0,0.15,0.19,0.19,0.22,0.07,0.05,0.16,0.01,0.07,0.1,0.07,0,0.1,0.03,0.08,0.01,0.1,0.02,0.05,0.04,0.08,0.06,0.03,0.03,0,0.01,0.41
2017-07,33.4,18.78,7.59,2.42,4.56,3.69,3.55,1.93,2.19,3.06,1.41,3.09,0.3,1.37,0.78,1.29,0.8,0.34,1.63,0.64,0.57,0.23,0.52,0.3,0.47,0.27,0.23,0,0.18,0.25,0.3,0.43,0.23,0.06,0.22,0.03,0.15,0.25,0.13,0.08,0,0.18,0.18,0.18,0.23,0.07,0.05,0.14,0.01,0.06,0.09,0.07,0,0.12,0.03,0.08,0.01,0.08,0.02,0.04,0.04,0.07,0.05,0.04,0.03,0,0.01,0.42
2017-08,33.12,20.32,6.97,2.2,4.7,3.82,3.58,1.86,2.29,2.98,1.38,2.91,0.28,1.23,0.9,1.2,0.8,0.33,1.51,0.66,0.58,0.23,0.48,0.31,0.44,0.28,0.23,0,0.18,0.25,0.28,0.37,0.24,0.06,0.22,0.03,0.16,0.22,0.12,0.1,0,0.17,0.17,0.16,0.21,0.06,0.05,0.12,0.01,0.06,0.09,0.06,0,0.11,0.03,0.08,0.01,0.08,0.02,0.04,0.04,0.06,0.04,0.03,0.04,0,0.01,0.42
2017-09,33.71,19.37,7.42,2.07,4.85,3.82,3.59,1.88,2.31,3.02,1.35,2.86,0.27,1.17,0.97,1.21,0.79,0.31,1.39,0.66,0.61,0.24,0.47,0.34,0.41,0.29,0.25,0,0.17,0.26,0.25,0.34,0.24,0.06,0.23,0.03,0.17,0.22,0.11,0.11,0,0.17,0.15,0.15,0.21,0.06,0.04,0.11,0.01,0.06,0.08,0.06,0,0.13,0.03,0.09,0.01,0.07,0.02,0.04,0.04,0.06,0.04,0.03,0.05,0,0.01,0.44
2017-10,32.63,19.99,7.48,2.09,5.06,3.58,4,1.82,2.41,3.28,1.24,2.79,0.26,1.14,1.17,1.16,0.6,0.32,1.4,0.64,0.56,0.32,0.49,0.37,0.41,0.26,0.25,0,0.13,0.29,0.26,0.31,0.19,0.06,0.19,0.03,0.17,0.22,0.12,0.12,0,0.16,0.15,0.15,0.22,0.06,0.04,0.11,0.01,0.06,0.09,0.06,0,0.1,0.03,0.08,0.01,0.07,0.01,0.03,0.05,0.07,0.04,0.03,0.04,0,0.01,0.44
2017-11,31.88,20.34,7.46,1.96,5.06,3.52,4.38,1.78,2.54,3.34,1.23,2.86,0.22,1.21,1.33,1.13,0.58,0.34,1.38,0.63,0.49,0.32,0.5,0.37,0.44,0.22,0.25,0,0.13,0.28,0.27,0.33,0.18,0.05,0.19,0.04,0.18,0.2,0.12,0.13,0,0.15,0.16,0.16,0.21,0.05,0.04,0.11,0.01,0.07,0.1,0.06,0,0.08,0.03,0.08,0.01,0.07,0.01,0.03,0.06,0.07,0.05,0.03,0.03,0,0.01,0.42
2017-12,31.65,19.91,7.68,2,4.96,3.48,4.75,1.71,2.55,3.42,1.19,2.94,0.2,1.26,1.49,1.13,0.56,0.4,1.4,0.63,0.46,0.25,0.51,0.37,0.45,0.21,0.26,0,0.12,0.26,0.28,0.33,0.18,0.05,0.2,0.04,0.19,0.18,0.12,0.12,0,0.13,0.17,0.17,0.18,0.05,0.04,0.12,0.01,0.07,0.11,0.06,0,0.09,0.03,0.07,0.01,0.06,0.01,0.04,0.08,0.07,0.05,0.03,0.03,0,0.01,0.42
2018-01,31.81,19.64,7.52,2.04,5.26,3.48,4.85,1.71,2.64,3.45,1.12,2.87,0.18,1.24,1.62,1.1,0.56,0.43,1.35,0.62,0.46,0.19,0.49,0.38,0.46,0.21,0.26,0,0.12,0.26,0.27,0.32,0.18,0.05,0.2,0.04,0.2,0.15,0.12,0.12,0,0.13,0.16,0.17,0.15,0.05,0.04,0.11,0.01,0.07,0.11,0.07,0,0.08,0.03,0.08,0.01,0.06,0.01,0.04,0.08,0.06,0.05,0.03,0.03,0,0.02,0.42
2018-02,31.94,20.15,7.34,1.71,5.46,3.47,5.11,1.64,2.59,3.59,1.06,2.75,0.17,1.05,1.71,1.15,0.53,0.41,1.28,0.62,0.45,0.15,0.47,0.38,0.42,0.2,0.25,0,0.11,0.26,0.26,0.28,0.17,0.06,0.19,0.03,0.18,0.15,0.12,0.11,0,0.14,0.16,0.15,0.15,0.05,0.03,0.09,0.01,0.06,0.1,0.07,0,0.1,0.02,0.07,0.01,0.05,0.01,0.04,0.07,0.06,0.04,0.04,0.03,0,0.01,0.41
2018-03,31.14,20.83,8.19,1.6,5.82,3.27,4.97,1.6,2.66,3.4,1.03,2.6,0.16,1.04,1.75,1.08,0.38,0.44,1.22,0.61,0.49,0.16,0.44,0.42,0.42,0.2,0.26,0,0.08,0.27,0.25,0.27,0.12,0.06,0.14,0.03,0.21,0.13,0.11,0.13,0,0.16,0.15,0.15,0.14,0.05,0.03,0.09,0.01,0.05,0.1,0.08,0,0.1,0.03,0.08,0.01,0.05,0.01,0.05,0.07,0.06,0.04,0.05,0.03,0,0.01,0.42
2018-04,30.76,19.23,7.81,1.73,6.21,3.22,6.12,1.57,2.68,3.97,0.97,2.53,0.16,1.06,1.96,1.09,0.28,0.44,1.29,0.63,0.47,0.16,0.39,0.53,0.45,0.2,0.33,0,0.05,0.26,0.22,0.27,0.09,0.07,0.11,0.04,0.25,0.09,0.13,0.12,0,0.17,0.16,0.16,0.09,0.05,0.03,0.09,0.01,0.06,0.11,0.09,0,0.1,0.03,0.07,0.01,0.03,0,0.05,0.07,0.04,0.04,0.06,0.03,0.01,0.02,0.46
2018-05,30.15,18.97,7.11,1.52,6.58,3.13,7.02,1.5,2.81,4.19,0.93,2.59,0.12,1.06,2.22,1.01,0.21,0.42,1.33,0.63,0.47,0.17,0.48,0.55,0.49,0.18,0.35,0,0.04,0.27,0.24,0.28,0.06,0.07,0.08,0.03,0.3,0.09,0.13,0.11,0,0.17,0.16,0.17,0.1,0.04,0.03,0.09,0.01,0.08,0.12,0.1,0,0.08,0.03,0.06,0.01,0.03,0,0.05,0.08,0.04,0.04,0.06,0.03,0.01,0.02,0.48
2018-06,30.66,18.91,6.68,1.44,7.01,3.23,7.02,1.46,2.88,4.12,0.91,2.45,0.11,0.91,2.28,0.91,0.26,0.43,1.24,0.64,0.49,0.15,0.52,0.51,0.46,0.16,0.36,0,0.05,0.27,0.22,0.24,0.08,0.06,0.1,0.03,0.31,0.08,0.13,0.09,0,0.23,0.15,0.16,0.1,0.03,0.03,0.07,0.01,0.08,0.1,0.1,0,0.05,0.03,0.06,0.01,0.03,0,0.08,0.07,0.04,0.04,0.06,0.03,0.01,0.02,0.53
2018-07,30.7,19.4,6.14,1.33,7.15,3.26,7.34,1.42,2.81,4.23,0.88,2.3,0.1,0.8,2.45,0.91,0.29,0.43,1.19,0.61,0.62,0.16,0.51,0.47,0.43,0.15,0.33,0,0.05,0.28,0.2,0.22,0.09,0.07,0.11,0.03,0.29,0.08,0.13,0.08,0,0.21,0.14,0.15,0.1,0.03,0.03,0.07,0.01,0.08,0.09,0.1,0,0.05,0.02,0.06,0.01,0.03,0,0.06,0.07,0.04,0.04,0.06,0.03,0.01,0.02,0.48
2018-08,30.9,20.45,5.66,1.29,7.1,3.2,7.12,1.4,2.68,4.14,0.9,2.09,0.09,0.69,2.46,0.94,0.42,0.43,1.06,0.59,0.61,0.31,0.52,0.46,0.39,0.16,0.32,0,0.07,0.33,0.17,0.2,0.13,0.06,0.16,0.03,0.27,0.1,0.11,0.09,0,0.19,0.13,0.13,0.14,0.03,0.03,0.06,0.01,0.07,0.08,0.09,0,0.04,0.02,0.06,0.01,0.03,0,0.06,0.06,0.05,0.03,0.05,0.03,0.01,0.02,0.45
2018-09,30.8,20.66,4.76,1.24,7.57,3.11,7.39,1.36,2.67,4.35,0.84,2.06,0.08,0.68,2.63,0.97,0.3,0.45,1.03,0.57,0.58,0.45,0.55,0.48,0.38,0.14,0.34,0,0.05,0.41,0.17,0.19,0.09,0.06,0.12,0.03,0.27,0.11,0.1,0.11,0,0.18,0.12,0.13,0.16,0.03,0.03,0.06,0.01,0.08,0.08,0.09,0,0.03,0.02,0.05,0.01,0.04,0,0.06,0.06,0.05,0.03,0.05,0.03,0.01,0.02,0.45
2018-10,30.07,22.34,4.81,1.25,7.37,3.12,7.26,1.29,2.78,4.14,0.83,2,0.07,0.67,2.69,0.93,0.33,0.48,0.93,0.52,0.58,0.45,0.5,0.45,0.34,0.13,0.34,0,0.05,0.36,0.16,0.17,0.1,0.06,0.13,0.03,0.27,0.09,0.1,0.1,0,0.16,0.11,0.12,0.14,0.03,0.03,0.05,0.01,0.07,0.08,0.08,0,0.03,0.02,0.05,0.01,0.03,0,0.06,0.05,0.04,0.03,0.05,0.03,0.01,0.02,0.43
2018-11,28.34,24.44,5.27,1.29,6.31,3.07,7.83,0.84,3.02,4.23,0.83,2.15,0.07,0.76,3.42,0.67,0.33,0.51,0.85,0.44,0.37,0.34,0.53,0.47,0.35,0.11,0.3,0,0.06,0.27,0.16,0.17,0.04,0.04,0.07,0.04,0.3,0.08,0.08,0.06,0,0.14,0.09,0.13,0.1,0.02,0.02,0.05,0,0.06,0.09,0.07,0.01,0.03,0.02,0.04,0.01,0.02,0,0.07,0.06,0.03,0.03,0.05,0.02,0.01,0.01,0.33
2018-12,30.91,21.98,4.52,1.21,7.52,2.79,8.44,0.83,2.75,4.87,0.78,1.94,0.06,0.69,3.3,0.65,0.41,0.5,0.71,0.38,0.22,0.52,0.48,0.43,0.3,0.09,0.26,0,0.06,0.23,0.14,0.14,0.04,0.03,0.08,0.03,0.27,0.06,0.07,0.05,0,0.13,0.07,0.11,0.08,0.01,0.02,0.05,0,0.05,0.08,0.06,0,0.02,0.02,0.03,0.01,0.01,0,0.06,0.06,0.02,0.02,0.04,0.01,0,0.01,0.27
2019-01,32.16,22.85,4.43,1.16,7.87,2.78,7.88,0.79,2.72,4.49,0.76,1.77,0.06,0.6,3.04,0.57,0.46,0.49,0.6,0.35,0.2,0.5,0.4,0.39,0.26,0.09,0.24,0,0.07,0.16,0.12,0.11,0.04,0.03,0.08,0.03,0.24,0.04,0.06,0.05,0,0.13,0.06,0.09,0.04,0.01,0.01,0.04,0,0.04,0.07,0.05,0,0.02,0.02,0.03,0.01,0.01,0,0.05,0.05,0.01,0.02,0.04,0.01,0,0.01,0.24
2019-02,31.52,23.28,4.65,1.19,8.12,2.74,8.03,0.75,2.77,4.46,0.72,1.7,0.05,0.57,3.12,0.54,0.36,0.53,0.58,0.33,0.19,0.52,0.37,0.39,0.25,0.08,0.23,0,0.06,0.13,0.11,0.11,0.03,0.03,0.07,0.03,0.24,0.03,0.06,0.05,0,0.15,0.06,0.09,0.02,0.01,0.01,0.03,0,0.04,0.06,0.05,0,0.02,0.02,0.02,0.01,0.01,0,0.04,0.04,0.01,0.02,0.06,0.01,0,0.01,0.24
2019-03,31.77,22.4,4.11,1.19,8.57,2.89,7.52,1.15,2.72,4.41,0.66,1.51,0.06,0.47,2.65,0.91,0.36,0.52,0.68,0.39,0.33,0.6,0.36,0.48,0.26,0.11,0.32,0.02,0.06,0.19,0.1,0.1,0.11,0.05,0.16,0.02,0.25,0.03,0.09,0.1,0,0.15,0.08,0.09,0.03,0.02,0.02,0.03,0,0.05,0.05,0.07,0,0.02,0.02,0.03,0,0.01,0,0.05,0.04,0.01,0.02,0.07,0.03,0.01,0.02,0.4
2019-04,32.16,22.76,4.19,1.13,8.72,2.87,7.21,1.14,2.62,4.35,0.66,1.41,0.06,0.4,2.58,0.93,0.44,0.55,0.63,0.37,0.34,0.6,0.33,0.43,0.22,0.11,0.29,0.03,0.07,0.17,0.09,0.09,0.13,0.05,0.2,0.02,0.23,0.02,0.09,0.09,0,0.15,0.07,0.07,0.03,0.02,0.02,0.03,0,0.04,0.04,0.07,0,0.03,0.02,0.03,0,0.01,0,0.05,0.03,0.01,0.02,0.07,0.02,0.01,0.02,0.38
2019-05,31.55,22.66,4.49,1.13,8.97,2.89,7.46,1.11,2.68,4.42,0.62,1.35,0.05,0.39,2.73,0.95,0.36,0.6,0.62,0.36,0.32,0.61,0.31,0.47,0.21,0.1,0.29,0.03,0.05,0.15,0.09,0.08,0.11,0.05,0.17,0.02,0.23,0.02,0.08,0.08,0,0.11,0.07,0.07,0.02,0.02,0.02,0.02,0,0.04,0.04,0.07,0,0.03,0.02,0.03,0,0,0,0.03,0.03,0.01,0.02,0.07,0.02,0.01,0.02,0.37
2019-06,31.98,22.04,5.03,1.12,9.04,2.81,7.39,1.01,2.69,4.21,0.58,1.33,0.04,0.38,2.82,0.88,0.47,0.63,0.6,0.36,0.3,0.6,0.32,0.42,0.21,0.1,0.29,0.04,0.06,0.13,0.08,0.08,0.14,0.04,0.21,0.02,0.23,0.02,0.07,0.07,0,0.14,0.06,0.07,0.01,0.01,0.02,0.02,0,0.04,0.04,0.07,0,0.02,0.01,0.03,0,0,0,0.05,0.03,0.01,0.02,0.09,0.02,0.01,0.02,0.36
2019-07,31.13,22.01,5.36,1.11,9.15,2.56,7.76,0.94,2.63,4.46,0.54,1.3,0.04,0.35,3.26,0.87,0.42,0.62,0.66,0.33,0.28,0.58,0.31,0.4,0.2,0.09,0.28,0.04,0.06,0.12,0.08,0.07,0.12,0.14,0.19,0.02,0.22,0.01,0.08,0.06,0,0.14,0.06,0.07,0.01,0.01,0.02,0.02,0,0.03,0.04,0.06,0,0.03,0.01,0.03,0,0,0,0.05,0.03,0,0.02,0.08,0.02,0.01,0.02,0.36
2019-08,31.47,22.17,3.69,1.08,9.02,2.59,8.38,0.9,2.56,4.73,0.52,1.22,0.04,0.32,3.31,0.87,0.42,0.62,0.59,0.32,0.31,0.58,0.29,0.46,0.19,0.09,0.29,0.29,0.05,0.13,0.07,0.06,0.12,0.23,0.19,0.02,0.22,0.01,0.09,0.06,0.07,0.15,0.06,0.06,0.01,0.01,0.02,0.02,0,0.03,0.04,0.06,0,0.02,0.01,0.02,0,0,0,0.05,0.03,0,0.02,0.04,0.02,0.01,0.02,0.62
2019-09,31.18,22.48,3.16,1.02,10.02,2.47,8.26,0.85,2.48,4.57,0.47,1.09,0.03,0.29,3.32,0.8,0.41,0.62,0.58,0.29,0.29,0.65,0.27,0.45,0.18,0.08,0.32,0.49,0.05,0.12,0.07,0.06,0.12,0.45,0.18,0.01,0.22,0.01,0.08,0.07,0.1,0.13,0.05,0.06,0.01,0.01,0.02,0.02,0,0.03,0.03,0.05,0,0.02,0.01,0.02,0,0,0,0.04,0.02,0,0.01,0.04,0.02,0.01,0.02,0.67
2019-10,31.49,22.09,3.27,0.95,10.02,2.4,7.79,0.84,2.41,4.1,0.42,0.96,0.03,0.28,3.15,0.74,0.42,2.35,0.5,0.27,0.27,0.7,0.24,0.42,0.15,0.08,0.32,0.54,0.05,0.11,0.07,0.05,0.12,0.51,0.18,0.01,0.2,0.01,0.08,0.06,0.1,0.12,0.05,0.05,0.01,0.01,0.01,0.01,0,0.03,0.03,0.05,0,0.01,0.01,0.02,0,0,0,0.04,0.02,0,0.01,0.03,0.02,0.01,0.02,0.71
2019-11,31.36,22.9,3.21,0.97,10.18,2.4,8.16,0.83,2.4,4.42,0.4,0.97,0.03,0.24,3.41,0.75,0.43,0.66,0.45,0.27,0.27,0.73,0.22,0.45,0.14,0.08,0.32,0.78,0.05,0.1,0.07,0.05,0.13,0.52,0.19,0.01,0.19,0.01,0.07,0.06,0.08,0.13,0.05,0.05,0.01,0.01,0.02,0.01,0,0.03,0.03,0.05,0,0.01,0.01,0.02,0,0,0,0.04,0.02,0,0.01,0.02,0.01,0.01,0.02,0.48
2019-12,31.37,24.79,2.67,0.9,9.95,2.54,7.73,0.77,2.5,4.23,0.38,0.87,0.03,0.18,3.19,0.7,0.42,0.75,0.39,0.27,0.27,0.74,0.18,0.43,0.12,0.07,0.33,0.84,0.05,0.09,0.07,0.04,0.14,0.53,0.19,0.01,0.18,0.01,0.07,0.06,0.08,0.11,0.04,0.04,0.01,0.01,0.03,0.01,0,0.02,0.02,0.04,0,0.01,0.01,0.02,0,0,0,0.04,0.01,0,0.01,0.02,0.01,0.02,0.02,0.38
2020-01,31.29,24.76,2.18,0.88,10.61,2.4,8.1,0.8,2.42,4.25,0.38,0.86,0.03,0.15,3.02,0.69,0.43,0.69,0.35,0.26,0.27,0.79,0.15,0.47,0.11,0.07,0.37,0.88,0.05,0.09,0.06,0.03,0.15,0.48,0.2,0.01,0.18,0.01,0.08,0.06,0.08,0.1,0.04,0.03,0,0.01,0.02,0.01,0,0.02,0.02,0.04,0,0.01,0.01,0.02,0,0,0,0.03,0.01,0,0.01,0.02,0.01,0.02,0.02,0.39
2020-02,30.91,25.89,1.95,0.81,10.98,2.34,7.8,0.8,2.36,4.31,0.37,0.77,0.02,0.12,2.89,0.69,0.41,0.7,0.34,0.31,0.28,0.78,0.13,0.44,0.09,0.06,0.38,0.89,0.06,0.09,0.06,0.02,0.15,0.4,0.19,0,0.15,0.01,0.08,0.06,0.11,0.08,0.03,0.03,0,0.01,0.02,0.01,0,0.02,0.01,0.04,0,0.01,0.01,0.01,0,0,0,0.03,0.01,0,0.01,0.02,0.01,0.02,0.02,0.39
2020-03,30.8,27.03,1.83,0.72,10.7,2.28,7.7,0.76,2.35,4.3,0.36,0.74,0.02,0.12,2.87,0.66,0.36,0.73,0.31,0.37,0.28,0.78,0.12,0.4,0.08,0.06,0.37,0.93,0.06,0.09,0.05,0.02,0.13,0.32,0.17,0,0.13,0,0.07,0.05,0.11,0.07,0.03,0.02,0,0.01,0.02,0.01,0,0.02,0.01,0.04,0,0.01,0.01,0.01,0,0,0,0.03,0.01,0,0.01,0.01,0.01,0.02,0.02,0.39
2020-04,30.41,28.79,1.55,0.69,10.28,2.28,7.6,0.76,2.51,4.2,0.35,0.71,0.02,0.1,2.75,0.7,0.33,0.75,0.28,0.24,0.27,0.8,0.1,0.38,0.07,0.05,0.35,0.9,0.06,0.08,0.05,0.02,0.12,0.25,0.15,0,0.12,0,0.07,0.04,0.1,0.05,0.03,0.02,0,0.01,0.02,0.01,0,0.01,0.01,0.03,0,0.01,0.01,0.01,0,0,0,0.02,0.01,0,0.01,0.01,0.01,0.02,0.02,0.38
2020-05,30.18,26.72,1.8,0.73,10.39,2.19,8.36,0.78,2.46,4.7,0.36,0.77,0.02,0.1,3.12,0.76,0.28,0.7,0.31,0.25,0.29,0.81,0.11,0.44,0.08,0.05,0.39,1.04,0.06,0.08,0.05,0.02,0.11,0.28,0.13,0,0.14,0,0.07,0.05,0.11,0.05,0.03,0.02,0.01,0.01,0.02,0.01,0,0.02,0.01,0.03,0,0.01,0.01,0.01,0,0,0,0.03,0.01,0,0.01,0.01,0.01,0.01,0.03,0.39
2020-06,31.06,25.26,1.81,0.74,10.69,2.11,8.55,0.78,2.57,4.65,0.35,0.75,0.02,0.1,3.18,0.75,0.34,0.68,0.29,0.23,0.25,0.77,0.11,0.5,0.08,0.05,0.42,1.04,0.09,0.08,0.04,0.02,0.13,0.25,0.16,0,0.15,0,0.07,0.05,0.1,0.05,0.03,0.02,0.01,0.01,0.02,0.01,0,0.02,0.01,0.03,0,0.01,0.01,0.01,0,0,0,0.02,0.01,0,0.01,0.01,0.01,0.01,0.03,0.38
2020-07,30.95,24.82,1.8,0.76,10.75,2.03,8.94,0.75,2.45,4.69,0.33,0.74,0.02,0.11,3.46,0.72,0.37,0.65,0.29,0.21,0.24,0.76,0.11,0.53,0.08,0.06,0.42,1.13,0.09,0.08,0.04,0.02,0.14,0.26,0.17,0,0.16,0,0.07,0.04,0.1,0.04,0.03,0.02,0,0.01,0.02,0.01,0,0.01,0.01,0.03,0,0.01,0.01,0.01,0,0,0,0.02,0.01,0,0.01,0.01,0.01,0.01,0.02,0.37
2020-08,31.04,25.15,1.81,0.74,10.73,1.96,8.9,0.73,2.39,4.69,0.32,0.72,0.02,0.1,3.38,0.7,0.38,0.63,0.27,0.2,0.23,0.75,0.1,0.54,0.07,0.05,0.45,1.18,0.08,0.07,0.04,0.02,0.15,0.25,0.17,0,0.16,0,0.06,0.04,0.1,0.04,0.02,0.02,0,0.01,0.02,0,0,0.01,0.01,0.03,0,0.01,0.01,0.01,0,0,0,0.02,0,0,0.01,0.01,0.01,0.01,0.02,0.35
2020-09,30.57,24.98,1.67,0.74,10.58,1.88,9.49,0.69,2.27,4.94,0.29,0.67,0.01,0.09,3.5,0.67,0.33,0.63,0.26,0.19,0.21,0.81,0.1,0.6,0.07,0.05,0.55,1.45,0.05,0.07,0.03,0.02,0.14,0.23,0.16,0,0.18,0,0.06,0.04,0.1,0.05,0.02,0.02,0,0.01,0.02,0,0,0.01,0.01,0.02,0,0.01,0.01,0.01,0,0,0,0.02,0,0,0,0.01,0.01,0.01,0.02,0.35
2020-10,30.25,26.53,1.84,0.69,10.44,1.79,9.67,0.67,2.21,4.83,0.28,0.65,0.02,0.08,2.54,0.64,0.31,0.63,0.24,0.18,0.2,0.85,0.09,0.59,0.06,0.05,0.55,1.55,0.04,0.06,0.03,0.01,0.13,0.19,0.15,0,0.17,0,0.05,0.04,0.1,0.05,0.02,0.02,0,0.01,0.02,0,0,0.01,0.01,0.01,0,0.01,0.01,0.01,0,0,0,0.02,0,0,0,0.01,0.01,0.01,0.02,0.32
2020-11,30.36,28.19,2.78,0.69,10.43,1.81,9.6,0.67,2.2,4.8,0.27,0.62,0.02,0.08,0,0.62,0.26,0.7,0.2,0.18,0.2,0.83,0.08,0.62,0.06,0.04,0.59,1.65,0.04,0.06,0.03,0.01,0.11,0.15,0.12,0,0.18,0,0.05,0.04,0.13,0.05,0.02,0.02,0,0.01,0.02,0,0,0.01,0.01,0,0,0.01,0.01,0.01,0,0,0,0.02,0,0,0,0.01,0.01,0.01,0.02,0.3
2020-12,29.14,26.91,1.69,0.66,9.83,1.71,10.02,0.61,2.09,5.02,0.24,0.62,0.01,0.08,0.01,0.58,0.2,0.66,0.2,0.16,0.17,0.84,0.1,0.73,0.06,0.04,0.63,2.07,0.03,0.06,0.03,0.01,0.08,0.07,0.09,0,0.21,0,0.04,0.03,3.7,0.05,0.02,0.02,0,0,0.02,0,0,0.01,0.01,0,0,0.01,0.01,0.01,0,0,0,0.02,0,0,0,0.01,0.01,0.02,0.02,0.31
2021-01,28.97,27.47,1.61,0.63,9.72,1.69,10.04,0.6,2.13,5.03,0.23,0.6,0.01,0.08,0.01,0.57,0.19,0.66,0.19,0.16,0.16,0.83,0.1,0.67,0.05,0.03,0.58,2.11,0.02,0.05,0.03,0.01,0.08,0.04,0.08,0,0.19,0,0.04,0.03,3.74,0.04,0.02,0.01,0,0,0.02,0,0,0.01,0.01,0,0,0.01,0,0.01,0,0,0,0.02,0,0,0,0.01,0.01,0.02,0.03,0.31
