country,url,1961,1962,1963,1964,1965,1966,1967,1968,1969,1970,1971,1972,1973,1974,1975,1976,1977,1978,1979,1980,1981,1982,1983,1984,1985,1986,1987,1988,1989,1990,1991,1992,1993,1994,1995,1996,1997,1998,1999,2000,2001,2002,2003,2004,2005,2006,2007,2008,2009,2010,2011,2012,2013,2014
Afghanistan,https://dynamospanish.com/wp-content/uploads/flags/images/Afghanistan/2/large/Afghanistan.png,0,0,0,0,0,0,0,0,0,0,0,0,0,0,0,0,0,0,0,0,0,0,0,0,0,0,0,0,0,0,0,0,0,0,0,0,0,0,0,0,0,0,0,0,0,10,10,0,0,0,0,0,0,0
Albania,https://dynamospanish.com/wp-content/uploads/flags/images/Albania/2/large/Albania.png,0,280,190,260,210,130,190,360,470,510,130,230,340,190,140,140,160,300,160,440,400,200,290,250,230,240,410,370,460,650,610,670,660,680,1050,1370,980,620,760,430,810,410,770,1070,1340,1290,1360,1220,1300,1320,1290,1330,1080,1140
Algeria,https://dynamospanish.com/wp-content/uploads/flags/images/Algeria/2/large/Algeria.png,1600,1140,730,570,580,500,500,820,1270,1170,1610,2040,1070,1120,1040,980,670,580,260,190,170,130,130,120,110,100,100,250,230,0,0,0,0,0,0,0,0,0,0,130,120,180,120,190,190,170,250,230,280,230,300,360,220,220
Andorra,https://dynamospanish.com/wp-content/uploads/flags/images/Andorra/2/large/Andorra.png,0,0,0,0,0,0,0,0,0,0,0,0,0,0,0,0,0,0,0,0,0,0,0,0,0,0,0,0,0,0,0,0,0,0,0,0,0,0,0,6360,6130,6270,6050,5950,5420,5150,4930,4620,4600,4390,4520,4420,4290,4290
Angola,https://dynamospanish.com/wp-content/uploads/flags/images/Angola/2/large/Angola.png,3360,2380,2930,3500,4010,4350,3870,3650,3620,3200,2370,1900,1660,1730,800,390,190,50,220,330,490,370,520,570,830,320,240,580,820,650,780,1220,690,730,560,490,810,910,390,400,720,800,1420,1580,2090,2480,2550,2810,1860,1950,2070,2110,1440,1320
Antigua & Barbuda,https://dynamospanish.com/wp-content/uploads/flags/images/Antigua_and_Barbuda/2/large/Antigua_and_Barbuda.png,0,90,100,20,10,20,30,40,30,40,30,30,70,80,50,60,200,230,220,580,850,130,260,650,260,310,340,780,1300,1000,1080,1120,1090,930,510,520,680,640,780,1140,1420,1390,1260,1430,1740,2380,1800,1340,1320,1430,1420,1530,1700,1870
Argentina,https://images.reference.com/amg-cms-reference-images/prod/argentina-flag-colors-meaning-of_b7cf58aa-cdaa-479b-867d-2b57d7a723da.jpg,13610,14030,14850,14960,14750,13750,14160,14930,15070,15600,14420,13350,12190,12950,14020,14210,14910,13930,13130,13180,12940,12770,12350,11530,10450,10300,10100,9710,9320,9420,9310,8610,7920,7130,6760,6400,6370,5870,5760,5300,5320,5280,5080,5030,4570,4620,4650,4450,4310,3910,4050,4040,3510,3220
Armenia,https://dynamospanish.com/wp-content/uploads/flags/images/Armenia/2/large/Armenia.png,0,0,0,0,0,0,0,0,0,0,0,0,0,0,0,0,0,0,0,0,0,0,0,0,0,0,0,0,0,2180,2130,1280,1430,1260,550,430,240,170,310,200,280,210,160,430,460,270,230,230,270,300,390,320,130,130
Aruba,https://dynamospanish.com/wp-content/uploads/flags/images/Aruba/2/large/Aruba.png,0,0,0,0,0,0,0,0,0,0,0,0,0,0,0,0,0,0,0,0,0,0,0,0,0,0,0,0,0,0,0,0,0,0,0,0,0,0,0,0,0,0,0,0,0,0,0,0,0,0,0,0,0,0
Australia,https://dynamospanish.com/wp-content/uploads/flags/images/Australia/2/large/Australia.png,880,910,960,970,1050,1170,1300,1400,1520,1490,1510,1660,1870,2080,2180,2270,2360,2700,2830,2980,3120,3210,3300,3430,3470,3340,3310,3060,2920,2750,2870,2800,2670,2700,2660,2740,2860,2870,2940,2950,2910,3010,3000,3130,3530,3530,3700,3710,3780,3870,3790,3780,3700,3640
Austria,https://dynamospanish.com/wp-content/uploads/flags/images/Austria/2/large/Austria.png,3010,2900,3000,3100,4000,4700,4800,5000,5000,5200,5400,5400,5500,5300,5200,5400,5300,5100,5200,5100,5000,5000,5300,5100,4800,4600,4700,4800,4900,4800,4700,4600,4500,4300,4500,4400,4200,4300,4200,4300,4300,4400,4100,3800,4100,4200,4400,3900,3400,4300,4250,4300,4090,4370
Azerbaijan,https://dynamospanish.com/wp-content/uploads/flags/images/Azerbaijan/2/large/Azerbaijan.png,0,0,0,0,0,0,0,0,0,0,0,0,0,0,0,0,0,0,0,0,0,0,0,0,0,0,0,0,0,2920,2880,130,470,180,130,100,160,1350,890,50,50,80,30,20,30,80,170,190,220,220,220,220,230,230
Bahamas,https://dynamospanish.com/wp-content/uploads/flags/images/Bahamas/2/large/Bahamas.png,1160,1080,1140,1280,1720,1620,1640,1570,2250,2040,1880,2080,2660,2080,1950,2870,2200,2240,2120,2150,1680,3030,2210,1920,1900,1830,2160,1410,1500,1980,1770,1630,1510,1330,1650,810,970,930,1140,1790,1830,1460,1560,1280,1510,2120,1890,1660,1560,1460,1540,1640,1610,1600
Bahrain,https://dynamospanish.com/wp-content/uploads/flags/images/Bahrain/2/large/Bahrain.png,0,0,0,0,0,0,0,0,0,140,160,140,210,220,360,360,460,460,180,210,230,620,560,560,490,240,460,220,220,210,100,170,160,150,120,100,240,120,150,300,150,190,140,210,190,230,260,130,140,110,120,110,120,130
Bangladesh,https://dynamospanish.com/wp-content/uploads/flags/images/Bangladesh/2/large/Bangladesh.png,0,0,0,0,0,0,0,0,0,0,0,0,0,0,0,0,0,0,0,0,0,0,0,0,0,0,0,0,0,0,0,0,0,0,0,0,0,0,0,0,0,0,0,0,0,0,0,0,0,0,0,0,0,0
Barbados,https://dynamospanish.com/wp-content/uploads/flags/images/Barbados/2/large/Barbados.png,0,0,0,0,0,0,0,0,0,0,0,0,0,0,0,0,0,0,0,0,0,0,0,0,0,0,0,0,0,360,380,340,330,430,410,400,460,250,530,610,490,550,720,680,750,920,1120,1050,890,930,890,790,870,830
Belarus,https://dynamospanish.com/wp-content/uploads/flags/images/Belarus/2/large/Belarus.png,0,0,0,0,0,0,0,0,0,0,0,0,0,0,0,0,0,0,0,0,0,0,0,0,0,0,0,0,1340,1280,1250,240,480,660,410,280,370,720,830,170,370,410,490,220,620,770,820,720,620,750,350,370,370,370
Belgium,https://dynamospanish.com/wp-content/uploads/flags/images/Belgium/2/large/Belgium.png,0,0,1010,1330,1620,1400,1530,1720,1750,2040,2080,2230,2250,2320,2520,2310,2520,2470,2820,2830,2870,2960,2950,3110,3080,2930,3100,3410,3090,3340,3210,3330,3440,3220,3350,3350,3340,2590,2670,4050,3990,4260,4059,4260,4220,4370,4270,3830,3660,3710,3710,3730,4260,4530
Belize,https://dynamospanish.com/wp-content/uploads/flags/images/Belize/2/large/Belize.png,60,60,60,70,50,30,30,70,60,60,60,60,90,130,80,80,50,110,160,140,160,160,140,150,170,210,180,180,180,120,80,110,120,110,80,100,70,70,60,140,140,110,150,120,140,120,160,140,170,130,140,200,170,200
Benin,https://dynamospanish.com/wp-content/uploads/flags/images/Benin/2/large/Benin.png,200,220,260,230,190,190,170,210,170,170,200,180,160,130,210,210,240,190,180,110,180,150,90,80,70,120,110,100,90,70,50,80,110,40,60,90,100,120,120,120,120,100,120,120,140,170,170,160,200,250,220,220,220,220
Bermuda,https://dynamospanish.com/wp-content/uploads/flags/images/Bermuda/2/large/Bermuda.png,0,0,0,0,0,0,0,0,0,0,0,0,0,0,0,0,0,0,0,0,0,0,0,0,0,0,0,0,0,0,0,0,0,0,0,0,0,0,0,0,0,0,0,0,0,0,0,0,0,0,0,0,0,0
Bhutan,https://dynamospanish.com/wp-content/uploads/flags/images/Bhutan/2/large/Bhutan.png,0,0,0,0,0,0,0,0,0,0,0,0,0,0,0,0,0,0,0,0,0,0,0,0,0,0,0,0,0,0,0,0,0,0,0,0,0,0,0,0,0,0,0,0,10,20,20,60,20,70,50,50,50,50
Bolivia,https://dynamospanish.com/wp-content/uploads/flags/images/Bolivia/2/large/Bolivia.png,60,60,50,50,50,50,50,40,40,40,40,60,60,70,70,80,80,100,100,90,90,90,90,90,90,90,100,90,80,70,70,60,70,60,60,60,60,60,60,70,60,60,100,100,140,250,250,270,230,230,240,220,170,30
Bosnia & Herzegovina,https://dynamospanish.com/wp-content/uploads/flags/images/Bosnia/2/large/Bosnia.png,0,0,0,0,0,0,0,0,0,0,0,0,0,0,0,0,0,0,0,0,0,0,0,0,0,0,0,0,0,590,680,840,480,430,780,150,210,280,200,210,400,330,420,420,430,470,600,560,510,450,450,390,150,150
Botswana,https://dynamospanish.com/wp-content/uploads/flags/images/Botswana/2/large/Botswana.png,140,130,130,130,130,120,120,120,140,130,150,170,160,150,170,100,160,260,210,190,290,250,310,950,190,310,200,400,160,230,310,970,230,390,250,190,310,230,280,340,230,530,460,450,910,1430,1860,1160,730,750,590,590,590,590
Brazil,https://dynamospanish.com/wp-content/uploads/flags/images/Brazil/2/large/Brazil.png,0,0,450,440,360,360,440,470,530,500,460,540,540,460,440,460,500,530,530,460,410,480,470,440,440,490,350,480,310,300,300,300,300,290,310,300,300,300,300,310,290,300,400,400,500,410,380,370,390,400,420,330,270,270
Brunei,https://dynamospanish.com/wp-content/uploads/flags/images/Brunei/2/large/Brunei.png,20,40,40,40,40,30,30,30,30,40,50,40,70,80,80,90,120,180,130,130,180,500,430,940,510,100,150,120,150,100,100,100,20,20,20,30,20,20,40,30,40,10,20,20,20,30,20,20,10,10,50,50,50,50
Bulgaria,https://dynamospanish.com/wp-content/uploads/flags/images/Bulgaria/2/large/Bulgaria.png,0,0,3500,3090,3520,3230,3390,4270,3460,2980,3280,3270,3880,3700,3320,3770,3320,3690,3170,3110,3560,3490,3170,3280,2820,3080,3130,3220,3020,3240,2810,3130,2990,2960,2920,2890,2860,2910,2810,2050,2730,2340,2930,2090,1950,1580,1700,1730,2020,1730,1370,1650,2860,2870
Burkina Faso,https://dynamospanish.com/wp-content/uploads/flags/images/Burkina_Faso/2/large/Burkina_Faso.png,100,100,100,70,70,60,40,40,40,60,70,80,80,80,70,60,40,110,30,30,40,30,30,20,0,20,10,10,10,10,0,10,0,10,20,20,20,20,40,40,80,80,70,100,90,90,70,70,80,120,160,180,100,100
Burundi,https://dynamospanish.com/wp-content/uploads/flags/images/Burundi/2/large/Burundi.png,10,10,10,20,20,20,20,30,10,20,10,20,20,20,10,10,20,20,20,20,20,40,20,10,10,10,10,10,10,10,10,10,10,10,10,0,0,0,0,10,10,10,0,10,10,0,0,0,0,0,0,0,0,0
Cambodia,https://dynamospanish.com/wp-content/uploads/flags/images/Cambodia/2/large/Cambodia.png,0,0,0,0,0,0,0,0,0,0,0,0,0,0,0,0,0,0,0,0,0,0,0,0,0,0,0,0,0,0,0,0,0,0,0,30,10,0,10,10,0,10,10,10,20,10,20,20,20,10,20,20,20,20
Cameroon,https://dynamospanish.com/wp-content/uploads/flags/images/Cameroon/2/large/Cameroon.png,420,420,370,410,410,490,590,490,530,520,450,490,610,690,550,650,330,90,90,70,40,130,90,80,90,80,120,140,130,110,30,110,70,50,60,50,90,100,80,70,90,80,80,80,80,80,70,70,80,90,110,110,110,110
Canada,https://dynamospanish.com/wp-content/uploads/flags/images/Canada/2/large/Canada.png,400,410,440,330,330,380,400,420,440,510,570,650,710,750,790,830,870,960,1080,1110,1180,1220,1240,1240,1290,1330,1300,1340,1270,1210,1140,1110,1120,1100,1110,1140,1180,1200,1200,1300,1400,1400,1500,1500,1600,1700,1800,1800,1900,1900,1900,2000,2000,2000
Cape Verde,https://dynamospanish.com/wp-content/uploads/flags/images/Cape_Verde/2/large/Cape_Verde.png,1020,1080,1040,1170,1290,1320,1130,1410,1130,1080,1200,1860,2040,2060,2980,2190,1810,1370,930,940,960,980,1080,1610,1390,1740,2130,2240,1690,1360,1880,2720,3580,2790,2530,2170,1820,1740,1390,950,1230,1470,1390,1780,1930,1870,2520,1890,1760,1620,1550,1550,1550,1550
Central African Rep.,https://dynamospanish.com/wp-content/uploads/flags/images/Central_African_Republic/2/large/Central_African_Republic.png,160,710,640,710,270,530,670,630,560,540,460,320,240,290,370,320,300,240,220,360,430,740,300,460,430,360,220,200,170,140,110,70,50,60,130,30,30,30,20,30,30,20,20,10,10,80,10,10,10,10,20,20,20,20
Chad,https://dynamospanish.com/wp-content/uploads/flags/images/Chad/2/large/Chad.png,80,120,90,170,160,130,170,160,130,100,90,90,70,50,60,70,70,60,20,10,10,10,0,40,50,20,20,10,10,180,210,190,140,150,90,250,160,120,100,0,0,0,0,10,0,10,0,0,10,20,20,50,50,50
Chile,https://dynamospanish.com/wp-content/uploads/flags/images/Chile/2/large/Chile.png,0,0,9150,9440,6960,8820,8890,9180,6920,6740,8620,9790,8860,7580,6900,7400,8090,7410,7810,7620,7080,8840,6290,6360,5960,5140,5410,5360,4430,4370,3800,3520,3190,3340,3380,2450,2020,2780,2810,2450,2380,2390,2600,2540,2590,2220,2830,2170,2850,3230,2670,2220,2650,2650
China,https://dynamospanish.com/wp-content/uploads/flags/images/China/2/large/China.png,0,0,0,0,0,0,0,0,0,0,0,0,0,0,0,0,0,0,10,20,20,20,30,30,20,20,30,30,30,30,30,30,30,30,30,30,30,30,30,140,140,140,190,180,50,60,80,80,100,170,220,220,190,170
Colombia,https://dynamospanish.com/wp-content/uploads/flags/images/Colombia/2/large/Colombia.png,10,10,10,10,10,20,10,10,10,10,10,10,20,20,10,20,20,20,20,170,150,140,120,120,160,150,140,140,120,120,100,80,80,80,80,70,70,70,70,30,20,30,30,30,30,40,40,40,40,50,50,60,50,50
Comoros,https://dynamospanish.com/wp-content/uploads/flags/images/Comoros/2/large/Comoros.png,80,90,170,100,110,180,150,150,110,130,160,160,150,150,150,120,80,70,40,40,50,50,50,110,50,130,50,50,90,170,120,100,100,80,60,30,40,40,40,30,30,20,50,50,20,20,40,20,20,30,50,50,50,50
Congo,https://upload.wikimedia.org/wikipedia/commons/thumb/9/92/Flag_of_the_Republic_of_the_Congo.svg/255px-Flag_of_the_Republic_of_the_Congo.svg.png,10,20,20,20,40,20,20,30,20,20,20,20,30,10,10,20,0,10,0,10,10,10,10,10,10,0,10,0,0,300,240,300,290,250,320,260,310,280,180,230,300,270,210,320,230,270,230,330,270,280,210,210,210,210
Costa Rica,https://dynamospanish.com/wp-content/uploads/flags/images/Costa_Rica/2/large/Costa_Rica.png,60,40,50,50,60,30,50,50,40,60,40,30,30,30,20,40,190,140,110,110,60,40,50,60,50,70,80,90,100,110,90,60,50,130,110,120,160,160,180,180,130,120,130,140,170,170,200,200,180,190,210,200,240,270
Cote d'Ivoire,https://dynamospanish.com/wp-content/uploads/flags/images/Cote_d'Ivoire/2/large/Cote_d'Ivoire.png,1800,1580,1750,2080,1890,1870,1490,1770,1360,1100,1590,1500,1410,1660,1790,1970,2680,2430,1800,1990,2330,2090,1430,1400,1620,1260,1010,930,860,330,380,300,250,220,280,300,320,320,290,260,290,340,330,330,240,200,140,120,250,260,270,270,240,240
Croatia,https://dynamospanish.com/wp-content/uploads/flags/images/Croatia/2/large/Croatia.png,0,0,0,0,0,0,0,0,0,0,0,0,0,0,0,0,0,0,0,0,0,0,0,0,0,0,6580,5030,5100,7600,6130,6300,6000,5300,4950,5400,6810,6780,6570,5820,6090,6570,6810,6500,5100,5190,5790,5400,5840,6050,5890,5360,6190,6250
Cuba,https://dynamospanish.com/wp-content/uploads/flags/images/Cuba/2/large/Cuba.png,20,10,140,160,110,90,100,190,60,190,50,40,100,20,30,80,80,40,40,50,70,60,60,60,70,40,60,60,50,40,10,10,10,10,10,20,20,30,230,40,40,50,50,50,50,50,70,60,80,90,60,80,80,90
Cyprus,https://dynamospanish.com/wp-content/uploads/flags/images/Cyprus/2/large/Cyprus.png,2310,1530,2260,2250,2230,1510,1880,1460,1440,1430,1420,1410,1320,1250,1220,1190,1230,1390,1420,1480,1610,1770,1770,1890,1910,1900,2120,2200,2180,2150,1890,2260,2080,2210,2280,2140,2050,2029,2320,2520,2470,2700,2500,2640,2790,2920,2920,2960,2590,2670,2560,2610,2480,2480
Czech Republic,https://dynamospanish.com/wp-content/uploads/flags/images/Czech_Republic/2/large/Czech_Republic.png,2000,1810,1580,1990,2250,2070,1970,1690,1850,2040,2120,2040,2040,2160,2310,2340,2450,2500,2220,2230,2300,2110,2110,2240,2300,1760,1960,1850,1950,2070,2060,2070,2100,2100,2080,2120,2130,2130,2160,1830,1840,1860,1880,1910,2200,2300,2500,2400,2400,2600,2560,2620,2490,2600
DR Congo,https://upload.wikimedia.org/wikipedia/commons/thumb/6/6f/Flag_of_the_Democratic_Republic_of_the_Congo.svg/227px-Flag_of_the_Democratic_Republic_of_the_Congo.svg.png,10,20,20,20,40,20,20,30,20,20,20,20,30,10,10,20,0,10,0,10,10,10,10,10,10,0,10,0,0,0,50,0,0,0,0,0,0,10,0,0,0,0,0,10,10,10,20,230,170,220,220,220,220,220
Denmark,https://dynamospanish.com/wp-content/uploads/flags/images/Denmark/2/large/Denmark.png,530,560,480,550,590,600,630,630,730,850,960,1070,1530,1380,1630,1770,1650,1710,1940,1950,2220,2390,2580,2560,2790,2660,2750,2880,2550,2820,2920,3220,3340,3480,3680,3780,3930,3910,4010,4530,4600,4430,4470,4320,4440,4340,4410,4470,4380,4920,5050,4110,4330,4350
Djibouti,https://dynamospanish.com/wp-content/uploads/flags/images/Djibouti/2/large/Djibouti.png,2390,2900,2340,2550,2180,2400,2040,2340,1750,1670,1630,1710,1640,1410,1060,750,760,510,580,480,520,490,630,510,520,340,380,310,270,210,220,160,190,190,120,110,80,70,40,30,60,70,80,70,80,40,60,60,70,50,80,120,200,30
Dominica,https://dynamospanish.com/wp-content/uploads/flags/images/Dominica/2/large/Dominica.png,0,0,0,0,0,0,0,0,0,0,0,0,0,0,0,0,0,0,0,0,0,0,0,0,0,0,0,0,0,120,300,120,750,790,830,510,810,810,290,1080,880,980,770,730,860,710,1130,1360,630,740,480,480,480,480
Dominican Republic,https://dynamospanish.com/wp-content/uploads/flags/images/Dominican_Republic/2/large/Dominican_Republic.png,0,10,20,20,10,10,10,20,10,10,20,20,20,30,30,20,50,40,40,30,40,30,10,20,40,60,30,30,40,30,40,40,40,40,70,80,90,120,100,210,140,140,160,130,130,150,160,150,150,160,180,180,200,220
Ecuador,https://dynamospanish.com/wp-content/uploads/flags/images/Ecuador/2/large/Ecuador.png,20,10,10,20,10,10,10,10,10,10,10,20,20,30,30,30,40,50,60,70,60,40,20,20,10,40,50,40,30,20,60,80,130,310,130,130,60,50,30,30,50,40,50,50,40,50,70,40,40,50,50,60,50,60
Egypt,https://dynamospanish.com/wp-content/uploads/flags/images/Egypt/2/large/Egypt.png,20,20,10,10,10,20,20,20,10,0,10,0,0,0,0,0,0,10,10,10,10,10,10,10,10,10,10,10,10,10,10,10,10,10,10,10,10,10,10,10,10,20,20,20,20,20,40,50,40,20,20,20,0,0
El Salvador,https://dynamospanish.com/wp-content/uploads/flags/images/El_Salvador/2/large/El_Salvador.png,10,10,10,10,10,30,10,20,20,10,10,10,20,20,20,30,20,30,30,10,10,10,10,40,10,20,30,20,20,20,30,30,30,50,40,30,30,40,40,40,20,20,100,30,30,30,30,30,40,40,40,30,40,40
Equatorial Guinea,https://dynamospanish.com/wp-content/uploads/flags/images/Equatorial_Guinea/2/large/Equatorial_Guinea.png,0,0,0,0,0,0,0,0,0,0,0,0,0,0,0,0,0,0,0,0,0,0,0,0,0,1300,2070,5420,5820,2290,3300,2800,4370,1370,1930,750,740,720,700,3770,4260,4770,4950,5230,4059,3870,3630,4310,3820,3670,3520,3780,1710,1710
Eritrea,https://dynamospanish.com/wp-content/uploads/flags/images/Eritrea/2/large/Eritrea.png,0,0,0,0,0,0,0,0,0,0,0,0,0,0,0,0,0,0,0,0,0,0,0,0,0,0,0,0,0,0,0,0,0,0,0,0,0,0,0,0,0,0,0,0,0,0,0,0,0,0,0,0,0,0
Estonia,https://dynamospanish.com/wp-content/uploads/flags/images/Estonia/2/large/Estonia.png,0,0,0,0,0,0,0,0,0,0,0,0,0,0,0,0,0,0,0,0,0,0,0,0,0,0,0,0,0,0,0,0,0,0,0,0,0,0,0,0,0,800,820,1150,1470,1500,1440,1540,1410,1650,1650,1650,1650,1650
Ethiopia,https://dynamospanish.com/wp-content/uploads/flags/images/Ethiopia/2/large/Ethiopia.png,0,0,0,0,0,0,0,0,0,0,0,0,0,0,0,0,0,0,0,0,0,0,0,0,0,0,0,0,0,0,0,0,0,0,0,0,0,10,10,10,10,10,10,10,10,10,10,0,10,0,0,0,0,0
Fiji,https://dynamospanish.com/wp-content/uploads/flags/images/Fiji/2/large/Fiji.png,20,20,30,40,40,30,40,60,50,80,90,100,160,110,80,90,110,90,110,100,120,140,130,130,150,110,110,160,130,110,100,110,110,120,120,180,200,210,230,80,110,20,10,20,20,20,20,20,20,20,20,20,20,20
Finland,https://dynamospanish.com/wp-content/uploads/flags/images/Finland/2/large/Finland.png,320,370,420,490,530,580,620,650,650,700,760,760,920,1160,990,920,880,920,910,930,1070,970,930,850,830,880,890,930,980,1020,1150,1200,1210,1300,1420,1480,1650,1730,1910,1070,1190,1310,1430,1420,1470,1550,1640,1670,1680,1700,1740,1700,1710,1670
France,https://dynamospanish.com/wp-content/uploads/flags/images/France/2/large/France.png,20560,19710,18940,17910,17390,17230,16970,16940,16480,15960,15770,15580,15340,15090,14990,14590,14640,13750,13190,12880,12550,12370,11910,11450,11100,10620,10420,10280,10240,10010,9210,8870,8710,8560,8610,8180,8020,7890,7800,8590,8400,8590,8360,8100,7100,7100,7000,6700,6700,6600,6900,6700,6500,6400
Gabon,https://dynamospanish.com/wp-content/uploads/flags/images/Gabon/2/large/Gabon.png,3510,4050,3530,3740,3990,4160,4740,4500,4340,3850,3640,3610,3200,3280,5050,8560,6900,5350,4490,4540,4480,5610,5790,6140,5400,5000,3590,3490,2430,2050,1930,1770,2020,1580,2009,1930,2250,2020,1960,1520,1550,1270,840,990,850,970,1160,940,940,1170,1120,920,960,960
Gambia,https://dynamospanish.com/wp-content/uploads/flags/images/Gambia/2/large/Gambia.png,170,140,160,130,120,100,160,140,120,110,120,110,140,140,150,100,140,120,100,80,80,80,70,140,100,90,90,70,30,50,10,50,60,90,30,60,60,30,0,0,20,50,40,50,50,30,50,40,30,20,20,20,20,20
Georgia,https://dynamospanish.com/wp-content/uploads/flags/images/Georgia/2/large/Georgia.png,0,0,0,0,0,0,0,0,0,0,0,0,0,0,0,0,0,0,0,0,0,0,0,0,0,0,0,0,0,4840,3170,5260,4870,4860,2400,2380,2140,1890,1870,1570,1240,1120,1270,1270,2009,3390,5530,3980,3790,3760,4180,4330,2510,2500
Germany,https://dynamospanish.com/wp-content/uploads/flags/images/Germany/2/large/Germany.png,1860,2150,2360,2770,2600,2410,2420,2370,2430,2490,2850,3020,3340,3070,3550,3570,3510,3540,3590,3750,3620,3620,3840,3700,3660,3320,3660,3670,3740,3730,3000,3030,3070,2930,3010,3060,3090,3050,3000,3180,3210,3140,3140,3060,3030,3030,3140,3130,3010,3120,3200,3190,3080,3100
Ghana,https://dynamospanish.com/wp-content/uploads/flags/images/Ghana/2/large/Ghana.png,20,10,10,10,10,0,0,0,0,10,0,0,0,10,10,10,10,10,10,0,10,0,0,0,0,0,0,0,0,0,0,0,20,50,50,60,30,50,40,40,40,50,70,80,80,110,140,150,120,170,210,210,210,210
Gibraltar,https://dynamospanish.com/wp-content/uploads/flags/images/Gibraltar/2/large/Gibraltar.png,0,0,0,0,0,0,0,0,0,0,0,0,0,0,0,0,0,0,0,0,0,0,0,0,0,0,0,0,0,0,0,0,0,0,0,0,0,0,0,0,0,0,0,0,0,0,0,0,0,0,0,0,0,0
Greece,https://dynamospanish.com/wp-content/uploads/flags/images/Greece/2/large/Greece.png,0,0,4470,4410,4240,4130,4560,4120,4390,4490,5740,4500,4710,5210,5690,4990,6020,5790,6160,6400,6380,4990,6210,6160,5210,3300,4410,4130,4120,4490,4390,4240,4710,4500,4560,4470,4560,4170,4570,3690,3780,3140,4580,4910,5310,4740,4880,4720,4480,4800,4210,4540,3790,3920
Greenland,https://dynamospanish.com/wp-content/uploads/flags/images/Greenland/2/large/Greenland.png,0,0,0,0,0,0,0,0,0,0,0,0,0,0,0,0,0,0,0,0,0,0,0,0,0,0,0,0,0,0,0,0,0,0,0,0,0,0,0,0,0,0,0,0,0,0,0,0,0,0,0,0,0,0
Grenada,https://dynamospanish.com/wp-content/uploads/flags/images/Grenada/2/large/Grenada.png,0,0,0,0,0,0,0,0,0,0,0,0,0,0,0,0,0,0,0,0,0,0,0,0,0,0,0,0,0,180,180,140,190,210,470,430,580,560,660,740,370,320,410,280,400,320,470,490,490,430,380,420,490,590
Guatemala,https://dynamospanish.com/wp-content/uploads/flags/images/Guatemala/2/large/Guatemala.png,0,0,0,0,0,0,0,0,0,0,0,0,0,0,0,0,0,0,0,0,0,0,0,30,10,20,10,10,20,10,20,20,30,40,40,20,30,30,30,30,30,30,30,30,30,30,40,30,30,30,30,40,40,40
Guinea,https://dynamospanish.com/wp-content/uploads/flags/images/Guinea/2/large/Guinea.png,70,60,30,20,10,10,10,0,0,0,0,0,0,0,0,0,0,0,10,0,0,10,10,10,10,20,20,20,40,20,20,20,30,20,10,10,10,10,10,10,20,40,20,20,20,10,20,30,20,30,20,20,20,20
Guinea-Bissau,https://dynamospanish.com/wp-content/uploads/flags/images/Guinea_Bissau/2/large/Guinea_Bissau.png,860,990,1430,1560,1540,1610,1230,1480,1290,1200,1300,1250,1460,1220,980,690,600,90,170,100,210,180,300,130,190,40,70,270,420,470,440,530,690,480,370,450,610,200,400,580,450,630,540,510,600,410,590,540,530,690,900,900,900,900
Guyana,https://dynamospanish.com/wp-content/uploads/flags/images/Guyana/2/large/Guyana.png,0,0,0,0,0,0,0,0,0,0,0,0,0,0,0,0,0,0,0,0,0,0,0,0,0,0,0,0,0,0,0,0,0,0,0,0,0,0,0,0,10,20,20,20,10,10,90,20,20,20,30,20,20,20
Haiti,https://dynamospanish.com/wp-content/uploads/flags/images/Haiti/2/large/Haiti.png,10,10,10,10,10,0,0,0,0,0,10,10,10,10,10,10,10,10,10,10,10,20,10,20,30,10,20,20,10,10,10,0,0,0,10,10,10,10,10,10,20,20,10,10,10,10,20,10,10,10,20,20,20,20
Honduras,https://dynamospanish.com/wp-content/uploads/flags/images/Honduras/2/large/Honduras.png,10,10,10,10,20,30,20,30,30,50,10,10,10,10,10,10,20,20,30,30,30,10,10,20,10,20,20,30,20,10,10,10,20,20,20,20,30,20,30,40,10,20,20,20,40,20,10,30,20,30,30,30,30,30
Hong Kong,https://dynamospanish.com/wp-content/uploads/flags/images/Hong_Kong/2/large/Hong_Kong.png,0,0,0,0,0,0,0,0,0,0,0,0,0,0,0,0,0,0,0,0,0,0,0,0,0,0,0,0,0,0,0,0,0,0,0,0,0,0,0,0,0,0,0,0,0,0,0,0,0,0,0,0,0,0
Hungary,https://dynamospanish.com/wp-content/uploads/flags/images/Hungary/2/large/Hungary.png,4300,4590,4250,4940,4700,4320,4830,4880,5370,5240,5330,5300,5310,4770,4720,4890,4730,4730,4780,5350,4590,4910,4560,4720,3810,3570,3320,3150,3440,4170,4310,4420,4630,4270,3850,4370,4590,4810,4370,4080,4860,4890,4600,4660,4500,4530,3850,3250,3210,3170,3650,3330,3350,3350
Iceland,https://dynamospanish.com/wp-content/uploads/flags/images/Iceland/2/large/Iceland.png,170,190,200,220,230,250,270,260,260,290,310,340,370,410,470,550,620,660,850,900,940,1020,1140,1190,1090,1030,1010,900,670,670,720,720,690,720,740,830,930,1040,1160,1380,1520,1670,1790,1910,1950,1970,2040,2420,3470,2260,2320,2300,2040,2029
India,https://dynamospanish.com/wp-content/uploads/flags/images/India/2/large/India.png,0,0,0,0,0,0,0,0,0,0,0,0,0,0,0,0,0,0,0,0,0,0,0,0,0,0,0,0,0,0,0,0,0,0,0,0,0,0,0,0,10,10,10,20,20,20,20,0,0,0,0,0,0,0
Indonesia,https://dynamospanish.com/wp-content/uploads/flags/images/Indonesia/2/large/Indonesia.png,0,0,0,0,0,0,0,0,0,0,0,0,0,0,0,0,0,0,0,0,0,0,0,0,0,0,0,0,0,0,0,0,0,0,0,0,0,0,0,0,0,0,0,0,0,0,0,0,0,0,0,0,0,0
Iran,https://dynamospanish.com/wp-content/uploads/flags/images/Iran/2/large/Iran.png,0,0,0,0,0,0,0,0,0,0,0,0,0,0,0,0,0,0,0,0,0,0,0,0,0,0,0,0,0,0,0,0,0,0,0,0,0,0,0,0,0,0,0,0,0,0,0,0,0,0,0,0,0,0
Iraq,https://dynamospanish.com/wp-content/uploads/flags/images/Iraq/2/large/Iraq.png,0,0,0,0,0,0,0,0,0,0,0,0,0,0,0,0,0,0,10,10,10,10,10,10,10,10,10,10,10,0,0,0,0,0,0,0,0,0,0,0,0,0,0,0,0,0,0,0,0,0,0,0,0,0
Ireland,https://dynamospanish.com/wp-content/uploads/flags/images/Ireland/2/large/Ireland.png,0,0,380,400,420,450,470,490,510,570,560,560,610,680,730,850,870,830,820,620,620,590,550,570,600,580,590,650,680,710,740,800,860,900,970,1080,1200,1350,1540,1790,1970,2170,2290,2570,2620,2770,2930,2800,2580,2980,3020,2930,2640,2800
Israel,https://dynamospanish.com/wp-content/uploads/flags/images/Israel/2/large/Israel.png,1710,2029,1440,2260,1960,1700,1920,1690,1800,1420,1450,1940,1720,1620,1490,1540,720,680,690,660,590,580,650,600,630,610,560,500,470,430,410,410,430,350,360,210,250,250,230,250,190,220,170,170,220,180,170,210,180,180,180,180,130,170
Italy,https://dynamospanish.com/wp-content/uploads/flags/images/Italy/2/large/Italy.png,17240,17230,15660,15090,16000,16100,16200,16890,16750,16580,16440,16180,15930,15890,15100,14180,13460,13030,12810,13150,12130,11480,11490,11200,10290,9390,8890,8500,8270,8220,8119,7870,7640,7570,7190,6980,6880,6670,6600,7060,6930,6540,6470,6190,5850,5700,5720,5410,4790,4450,4450,4990,4860,4970
Jamaica,https://dynamospanish.com/wp-content/uploads/flags/images/Jamaica/2/large/Jamaica.png,40,50,40,50,50,50,60,60,60,80,130,90,160,50,20,0,0,0,0,0,0,0,0,0,20,10,20,30,60,20,40,30,30,60,70,70,70,60,70,100,120,120,90,140,110,150,180,140,140,170,130,150,160,160
Japan,https://dynamospanish.com/wp-content/uploads/flags/images/Japan/2/large/Japan.png,20,30,30,10,20,20,40,40,30,30,30,40,60,100,70,90,100,120,120,80,80,90,90,90,90,90,110,130,170,160,140,140,150,170,180,210,310,400,300,290,280,280,270,310,290,260,250,260,270,280,330,370,390,390
Jordan,https://dynamospanish.com/wp-content/uploads/flags/images/Jordan/2/large/Jordan.png,0,10,0,0,0,0,0,0,0,0,0,0,0,0,0,10,10,10,20,20,30,30,30,20,10,20,10,20,0,0,0,0,0,0,0,0,10,10,10,10,10,10,20,10,20,20,10,10,10,10,10,10,10,10
Kazakhstan,https://dynamospanish.com/wp-content/uploads/flags/images/Kazakhstan/2/large/Kazakhstan.png,0,0,0,0,0,0,0,0,0,0,0,0,0,0,0,0,0,0,0,0,0,0,0,0,0,0,0,0,0,700,830,480,310,370,160,180,270,360,290,350,180,290,530,400,480,350,330,270,350,370,400,450,330,350
Kenya,https://dynamospanish.com/wp-content/uploads/flags/images/Kenya/2/large/Kenya.png,20,20,30,20,20,50,10,20,10,10,20,20,20,20,20,20,20,30,30,20,20,10,20,10,10,10,0,0,0,0,0,0,0,0,20,10,10,20,20,10,20,20,10,20,20,20,30,20,20,30,40,30,40,40
Kiribati,https://dynamospanish.com/wp-content/uploads/flags/images/Kiribati/2/large/Kiribati.png,20,20,20,30,70,10,20,40,30,40,60,60,60,40,40,40,30,30,40,30,50,30,40,40,40,20,30,20,10,20,20,10,10,10,10,10,10,20,20,20,10,0,0,0,10,100,160,20,20,30,30,30,30,30
Kuwait,https://dynamospanish.com/wp-content/uploads/flags/images/Kuwait/2/large/Kuwait.png,0,0,0,0,0,0,0,0,0,0,0,0,0,0,0,0,0,0,0,0,0,0,0,0,0,0,0,0,0,0,0,0,0,0,0,0,0,0,0,0,0,0,0,10,0,0,0,0,0,0,0,0,0,0
Kyrgyzstan,https://dynamospanish.com/wp-content/uploads/flags/images/Kyrgyzstan/2/large/Kyrgyzstan.png,0,0,0,0,0,0,0,0,0,0,0,0,0,0,0,0,0,0,0,0,0,0,0,0,1820,760,710,670,720,610,670,390,240,300,130,280,260,250,130,90,90,70,100,110,80,90,90,90,100,100,90,90,90,90
Laos,https://dynamospanish.com/wp-content/uploads/flags/images/Laos/2/large/Laos.png,20,30,20,10,10,10,10,10,20,20,20,10,20,20,10,0,0,0,0,0,0,0,0,0,0,0,0,0,1130,0,0,0,0,0,0,10,10,10,10,20,10,0,0,0,0,0,0,0,0,0,0,0,0,0
Latvia,https://dynamospanish.com/wp-content/uploads/flags/images/Latvia/2/large/Latvia.png,0,0,0,0,0,0,0,0,0,0,0,0,0,0,0,0,0,0,0,3350,3160,2960,2600,2590,2340,1190,1050,1140,1440,1390,1270,1250,1590,1640,1010,1060,840,1130,1250,1600,1380,1500,1780,950,940,1060,1180,1130,1030,1100,1100,1160,1100,1100
Lebanon,https://dynamospanish.com/wp-content/uploads/flags/images/Lebanon/2/large/Lebanon.png,480,480,470,460,440,440,420,410,400,390,380,370,400,400,390,390,390,380,390,390,500,490,470,550,630,700,780,880,890,820,1080,1200,1280,1370,1370,700,1040,770,760,700,640,590,850,820,770,660,520,420,320,250,310,350,170,160
Lesotho,https://dynamospanish.com/wp-content/uploads/flags/images/Lesotho/2/large/Lesotho.png,0,0,0,0,0,0,0,0,0,0,0,0,0,0,30,40,30,30,70,70,70,50,50,130,50,40,50,60,60,50,50,50,50,50,50,50,50,50,40,40,40,0,0,0,0,0,10,10,10,10,10,10,10,10
Liberia,https://dynamospanish.com/wp-content/uploads/flags/images/Liberia/2/large/Liberia.png,20,70,10,80,30,80,50,50,50,80,130,80,80,110,50,60,70,60,40,30,30,20,20,20,20,20,20,20,30,10,10,0,10,0,20,0,30,10,10,0,0,0,0,0,0,0,10,10,10,30,50,50,50,50
Libya,https://dynamospanish.com/wp-content/uploads/flags/images/Libya/2/large/Libya.png,520,550,430,440,320,400,400,390,370,0,0,0,0,0,0,0,0,0,0,0,0,0,0,0,0,0,0,0,0,0,0,0,0,0,0,0,0,0,0,0,0,0,0,0,0,0,0,0,0,0,0,0,0,0
Liechtenstein,https://dynamospanish.com/wp-content/uploads/flags/images/Liechtenstein/2/large/Liechtenstein.png,0,0,0,0,0,0,0,0,0,0,0,0,0,0,0,0,0,0,0,0,0,0,0,0,0,0,0,0,0,0,0,0,0,0,0,0,0,0,0,0,0,0,0,0,0,0,0,0,0,0,0,0,0,0
Lithuania,https://dynamospanish.com/wp-content/uploads/flags/images/Lithuania/2/large/Lithuania.png,0,0,0,0,0,0,0,0,0,0,0,0,0,0,0,0,0,0,0,0,0,0,0,0,0,0,0,0,0,310,630,250,390,250,550,1260,890,950,1120,2100,1890,2060,2240,2370,1400,1400,900,900,900,1000,1040,1440,1480,1500
Luxembourg,https://dynamospanish.com/wp-content/uploads/flags/images/Luxembourg/2/large/Luxembourg.png,11210,10930,10650,10340,10000,9820,9690,9650,9460,9220,9310,9300,9340,9080,9270,9080,9070,8640,8390,8320,8090,7990,7870,7570,7380,6970,7040,6980,6990,6720,6110,5950,5890,5750,5810,5620,5560,5470,5400,5880,5810,5860,5750,5580,5070,5060,5070,4920,4860,4860,5050,4950,4790,4750
Macao,https://dynamospanish.com/wp-content/uploads/flags/images/Macao/2/large/Macao.png,0,0,0,0,0,0,0,0,0,0,0,0,0,0,0,0,0,0,0,0,0,0,0,0,0,0,0,0,0,0,0,0,0,0,0,0,0,0,0,0,0,0,0,0,0,0,0,0,0,0,0,0,0,0
Macedonia,https://dynamospanish.com/wp-content/uploads/flags/images/Macedonia/2/large/Macedonia.png,0,0,0,0,0,0,0,0,0,0,0,0,0,0,0,0,0,0,0,0,0,0,0,0,0,0,0,0,0,0,0,2009,1730,1810,1170,1120,1080,1070,960,760,880,670,590,390,360,360,340,350,350,330,230,200,200,260
Madagascar,https://dynamospanish.com/wp-content/uploads/flags/images/Madagascar/2/large/Madagascar.png,960,890,770,740,690,580,570,690,580,520,550,380,430,210,360,270,330,320,190,210,170,170,180,190,190,190,190,180,190,110,110,100,100,100,100,90,90,90,90,130,120,220,220,130,150,170,170,170,170,170,170,100,100,100
Malawi,https://dynamospanish.com/wp-content/uploads/flags/images/Malawi/2/large/Malawi.png,0,0,0,0,0,10,10,10,10,10,10,10,10,10,10,10,0,10,10,10,10,10,10,10,10,0,10,10,10,10,10,10,0,10,0,10,10,10,10,0,10,10,20,10,10,10,0,150,20,20,20,20,20,20
Malaysia,https://dynamospanish.com/wp-content/uploads/flags/images/Malaysia/2/large/Malaysia.png,20,10,10,10,10,10,10,10,10,10,10,10,10,10,10,10,10,10,10,10,10,30,0,0,20,10,30,20,0,20,20,60,30,0,40,20,0,0,80,20,40,0,0,10,10,0,10,10,0,0,0,0,10,10
Maldives,https://dynamospanish.com/wp-content/uploads/flags/images/Maldives/2/large/Maldives.png,0,0,0,0,0,0,0,0,0,0,0,0,0,0,0,0,0,0,0,0,0,0,0,0,0,0,0,0,0,0,0,0,0,0,0,0,0,0,0,40,150,190,340,360,310,290,370,370,330,460,540,540,540,540
Mali,https://dynamospanish.com/wp-content/uploads/flags/images/Mali/2/large/Mali.png,60,20,20,20,20,10,10,10,10,10,10,10,0,0,0,0,0,0,0,10,10,10,10,0,10,0,10,10,10,20,10,10,10,0,10,10,0,0,10,10,20,50,10,0,0,0,0,0,0,10,10,10,10,10
Malta,https://dynamospanish.com/wp-content/uploads/flags/images/Malta/2/large/Malta.png,470,0,0,0,50,70,120,160,140,810,330,0,280,660,330,1410,340,990,610,480,950,830,1050,1260,1170,1490,1240,1890,1890,1880,1950,1950,2020,2090,2160,2220,2090,2500,2470,970,1150,1290,3080,3010,2960,4900,3250,2720,2910,3100,2280,2400,3260,3250
Marshall Islands,https://dynamospanish.com/wp-content/uploads/flags/images/Marshall_Islands/2/large/Marshall_Islands.png,0,0,0,0,0,0,0,0,0,0,0,0,0,0,0,0,0,0,0,0,0,0,0,0,0,0,0,0,0,0,0,0,0,0,0,0,0,0,0,0,0,0,0,0,0,0,0,0,0,0,0,0,0,0
Mauritania,https://dynamospanish.com/wp-content/uploads/flags/images/Mauritania/2/large/Mauritania.png,70,80,50,30,30,20,20,20,20,50,50,80,60,60,30,50,40,30,30,30,30,20,10,20,30,20,10,0,0,0,10,10,10,10,10,10,10,10,10,10,0,0,0,0,0,0,0,0,0,0,0,0,0,0
Mauritius,https://dynamospanish.com/wp-content/uploads/flags/images/Mauritius/2/large/Mauritius.png,150,170,190,140,140,90,70,80,80,80,90,130,130,150,120,130,120,100,50,60,70,50,50,60,50,110,130,150,130,140,160,250,160,220,200,200,240,240,430,290,260,420,270,300,310,300,320,350,260,350,300,300,300,300
Mexico,https://dynamospanish.com/wp-content/uploads/flags/images/Mexico/2/large/Mexico.png,200,190,40,40,60,40,40,40,40,60,40,60,40,40,40,40,40,40,40,60,60,40,40,100,60,60,60,40,40,40,20,50,30,30,30,30,30,30,30,60,60,70,110,110,90,90,120,120,120,120,120,120,220,230
Moldova,https://dynamospanish.com/wp-content/uploads/flags/images/Moldova/2/large/Moldova.png,0,0,0,0,0,0,0,0,0,0,0,0,0,0,0,0,0,0,0,0,0,0,0,0,0,0,0,0,0,0,0,7550,7340,7770,5350,4800,2870,1990,2410,5820,6690,2000,2880,6140,4150,1910,3060,2750,2740,2590,3590,4890,4890,4900
Monaco,https://dynamospanish.com/wp-content/uploads/flags/images/Monaco/2/large/Monaco.png,0,0,0,0,0,0,0,0,0,0,0,0,0,0,0,0,0,0,0,0,0,0,0,0,0,0,0,0,0,0,0,0,0,0,0,0,0,0,0,0,0,0,0,0,0,0,0,0,0,0,0,0,0,0
Mongolia,https://dynamospanish.com/wp-content/uploads/flags/images/Mongolia/2/large/Mongolia.png,0,0,0,0,0,0,0,0,0,0,0,0,0,0,0,0,0,0,0,0,0,0,0,0,0,0,0,0,0,0,0,0,0,0,0,50,80,60,40,80,50,760,700,710,50,150,280,220,110,160,160,160,160,160
Montenegro,https://symondsflags.com/wp-content/uploads/2014/09/montenegro-flag.jpg,0,0,0,0,0,0,0,0,0,0,0,0,0,0,0,0,0,0,0,0,0,0,0,0,0,0,0,0,0,0,0,0,0,0,0,0,0,0,0,0,0,0,0,0,0,2850,1950,2930,3220,3220,3180,3180,3180,3180
Morocco,https://dynamospanish.com/wp-content/uploads/flags/images/Morocco/2/large/Morocco.png,1300,1070,580,390,410,210,480,480,290,290,250,390,350,390,380,380,380,360,250,250,250,250,250,250,250,300,300,300,300,350,350,270,270,200,140,180,240,240,190,190,180,180,300,280,170,290,260,170,290,270,270,280,200,210
Mozambique,https://dynamospanish.com/wp-content/uploads/flags/images/Mozambique/2/large/Mozambique.png,1140,950,1080,1240,1370,1450,1270,1180,990,800,470,530,340,240,180,40,50,60,10,60,70,20,70,10,20,30,30,30,30,20,80,180,100,110,80,80,80,80,40,70,70,90,60,80,90,90,90,110,110,100,110,110,110,110
Myanmar,https://dynamospanish.com/wp-content/uploads/flags/images/Myanmar/2/large/Myanmar.png,0,0,0,0,0,0,0,0,0,0,0,0,0,0,0,0,0,0,0,0,0,0,0,0,0,0,0,0,0,0,0,0,0,0,0,0,0,0,0,0,0,0,0,0,0,0,0,0,0,0,0,0,0,0
Namibia,https://dynamospanish.com/wp-content/uploads/flags/images/Namibia/2/large/Namibia.png,0,0,0,0,0,0,0,0,0,0,0,0,0,0,0,0,0,0,0,0,0,0,0,0,0,0,0,0,0,0,0,0,0,0,0,0,110,90,250,880,520,290,670,120,110,240,280,30,20,60,60,60,60,60
Nauru,https://dynamospanish.com/wp-content/uploads/flags/images/Nauru/2/large/Nauru.png,0,0,0,0,0,0,0,0,0,0,0,0,0,0,0,0,0,0,0,0,0,0,0,0,0,0,0,0,0,0,0,0,0,0,0,0,0,0,0,0,140,110,70,90,20,30,40,10,20,160,160,160,160,160
Nepal,https://dynamospanish.com/wp-content/uploads/flags/images/Nepal/2/large/Nepal.png,0,0,0,0,0,0,0,0,0,0,0,0,0,0,0,0,0,0,0,0,0,0,0,0,0,0,0,0,0,0,0,0,0,0,0,0,0,0,0,0,0,0,0,0,0,0,0,0,0,0,0,0,0,0
Netherlands,https://dynamospanish.com/wp-content/uploads/flags/images/Netherlands/2/large/Netherlands.png,400,420,400,450,520,530,640,650,740,790,930,1170,1330,1540,1520,1670,1700,1760,1710,2280,2310,2580,2390,2600,2540,2590,2480,2490,2450,2290,2450,2630,2450,2530,2630,2600,2780,2850,2920,3010,2980,2840,2940,3100,3310,3430,3180,3290,3280,3390,3140,3160,2970,2970
New Zealand,https://dynamospanish.com/wp-content/uploads/flags/images/New_Zealand/2/large/New_Zealand.png,380,380,410,470,500,570,640,730,870,990,1190,1320,1510,1580,1490,1680,1610,1960,1890,2220,2360,1910,1860,2040,2100,2430,2200,2120,2060,2110,2410,2250,2350,2330,2370,2310,2440,2420,2620,2570,2510,2740,2730,2850,3040,3140,3050,3080,3070,3260,3010,3000,3010,3150
Nicaragua,https://dynamospanish.com/wp-content/uploads/flags/images/Nicaragua/2/large/Nicaragua.png,0,10,20,30,40,60,10,40,20,20,30,20,40,40,30,50,50,30,10,20,20,10,10,10,10,0,0,0,10,0,10,20,10,10,10,10,60,30,30,20,10,10,20,10,10,10,20,20,10,20,20,20,30,20
Niger,https://dynamospanish.com/wp-content/uploads/flags/images/Niger/2/large/Niger.png,80,120,100,70,70,60,70,60,60,40,40,40,40,30,30,20,30,60,40,40,40,60,40,70,30,20,20,20,20,10,10,10,10,0,10,10,10,10,10,10,10,10,10,10,20,10,10,10,10,10,10,10,10,10
Nigeria,https://dynamospanish.com/wp-content/uploads/flags/images/Nigeria/2/large/Nigeria.png,0,0,10,0,0,0,0,0,0,10,10,0,10,10,20,30,30,30,0,10,10,20,0,0,0,0,10,0,0,10,10,10,10,0,0,0,0,0,0,0,0,0,0,0,0,0,40,60,20,30,40,50,50,50
North Korea,https://dynamospanish.com/wp-content/uploads/flags/images/North_Korea/2/large/North_Korea.png,0,0,0,0,0,0,0,0,0,0,0,0,0,0,0,0,0,0,0,0,0,0,0,0,0,0,0,0,0,0,0,0,0,0,0,0,0,0,0,0,0,0,0,0,0,0,0,0,0,0,0,0,0,0
Norway,https://dynamospanish.com/wp-content/uploads/flags/images/Norway/2/large/Norway.png,210,210,210,210,220,250,280,290,320,330,380,390,440,460,480,470,490,410,530,750,690,570,650,710,820,830,930,970,970,950,930,910,920,990,1040,1120,1280,1230,1490,1620,1600,1810,1840,1900,2000,2050,2110,2230,2280,2290,2390,2290,2300,2250
Oman,https://dynamospanish.com/wp-content/uploads/flags/images/Oman/2/large/Oman.png,0,0,0,0,0,0,0,0,0,0,0,0,0,0,0,0,0,0,0,0,0,0,0,0,0,0,80,20,20,0,0,0,0,0,0,0,0,0,0,0,10,10,10,10,10,10,10,20,20,30,20,20,20,0
Pakistan,https://dynamospanish.com/wp-content/uploads/flags/images/Pakistan/2/large/Pakistan.png,0,0,0,0,0,0,0,0,0,0,0,0,0,0,0,0,0,0,0,0,0,0,0,0,0,0,0,0,0,0,0,0,0,0,0,0,0,0,0,0,0,0,0,0,0,0,0,0,0,0,0,0,0,0
Palau,https://dynamospanish.com/wp-content/uploads/flags/images/Palau/2/large/Palau.png,0,0,0,0,0,0,0,0,0,0,0,0,0,0,0,0,0,0,0,0,0,0,0,0,0,0,0,0,0,0,0,0,0,0,0,0,0,0,0,0,0,0,0,0,0,0,0,0,0,0,0,0,0,0
Palestine,http://www.think-israel.org/jan12pix/palestine.flag.jpg,0,0,0,0,0,0,0,0,0,0,0,0,0,0,0,0,0,0,0,0,0,0,0,0,0,0,0,0,0,0,0,0,0,0,0,0,0,0,0,0,0,0,0,0,0,0,0,0,0,0,0,0,0,0
Panama,https://dynamospanish.com/wp-content/uploads/flags/images/Panama/2/large/Panama.png,80,80,70,70,70,80,70,70,80,90,100,90,110,110,100,100,130,140,120,120,150,150,150,170,140,130,110,60,70,80,70,70,80,80,80,100,110,90,130,130,110,130,140,220,150,180,220,230,230,310,240,220,210,210
Papua New Guinea,https://dynamospanish.com/wp-content/uploads/flags/images/Papua_New_Guinea/2/large/Papua_New_Guinea.png,10,20,20,20,30,30,40,60,70,80,100,110,100,60,70,50,50,50,50,50,50,50,50,50,40,40,40,40,40,20,10,10,10,30,10,20,20,40,40,40,10,10,10,10,20,20,10,20,20,10,20,20,20,20
Paraguay,https://dynamospanish.com/wp-content/uploads/flags/images/Paraguay/2/large/Paraguay.png,540,760,0,0,360,420,410,480,640,400,400,400,380,370,370,370,370,370,360,360,360,360,360,360,360,360,360,350,350,590,720,720,610,800,760,700,680,470,670,930,620,410,900,890,990,1210,1350,1740,1310,1320,1090,730,530,530
Peru,https://dynamospanish.com/wp-content/uploads/flags/images/Peru/2/large/Peru.png,200,240,160,170,220,230,290,240,210,230,230,220,200,200,200,190,190,190,190,190,210,110,110,110,110,110,110,110,110,90,110,80,90,100,130,130,130,130,130,230,300,320,350,330,420,420,420,440,350,360,430,420,440,440
Philippines,https://dynamospanish.com/wp-content/uploads/flags/images/Philippines/2/large/Philippines.png,0,0,0,0,0,0,0,0,0,0,0,0,0,0,0,0,0,0,0,0,0,0,0,0,0,0,10,0,0,0,0,0,0,0,0,10,10,10,10,10,10,10,10,20,20,10,10,20,10,20,10,20,20,20
Poland,https://dynamospanish.com/wp-content/uploads/flags/images/Poland/2/large/Poland.png,920,880,770,790,770,710,730,770,850,940,1010,1030,1030,1010,1040,1160,1310,1400,1430,1510,1560,1160,980,1210,1300,1240,1290,1330,1220,1080,1250,1100,1080,990,970,1450,1790,1900,1860,1780,1560,1640,1640,1530,1200,1300,1300,1200,1000,940,940,820,840,860
Portugal,https://dynamospanish.com/wp-content/uploads/flags/images/Portugal/2/large/Portugal.png,14120,14500,17810,18630,18740,16010,16090,17350,12720,18370,14170,13660,16270,15470,16900,14260,10520,10820,11150,11540,12480,14040,13160,13500,10900,9840,8210,8000,9480,9330,9070,8820,8600,8430,8160,7530,7220,7160,6720,6550,6650,6480,8740,8050,7990,7790,7310,7290,7210,7490,7450,7880,6010,5990
Puerto Rico,https://dynamospanish.com/wp-content/uploads/flags/images/Puerto_Rico/2/large/Puerto_Rico.png,0,0,0,0,0,0,0,0,0,0,0,0,0,0,0,0,0,0,0,0,0,0,0,0,0,0,0,0,0,0,0,0,0,0,0,0,0,0,0,0,0,0,0,0,0,0,0,0,0,0,0,0,0,0
Qatar,https://dynamospanish.com/wp-content/uploads/flags/images/Qatar/2/large/Qatar.png,0,0,0,0,0,0,0,0,0,0,0,0,0,0,0,0,0,0,0,0,0,0,0,0,0,0,0,0,0,0,0,0,0,0,0,0,0,0,0,0,50,50,70,100,110,170,120,270,90,110,130,120,180,150
Romania,https://dynamospanish.com/wp-content/uploads/flags/images/Romania/2/large/Romania.png,3710,4490,4490,4420,4440,4370,3960,4330,4370,4490,4390,4350,5320,5270,4860,4430,4450,4940,5320,4340,4320,4170,4140,4110,4090,4070,4059,4059,2440,3170,3310,3120,3870,3270,3730,3800,4720,3370,3520,3470,3160,3920,3330,4290,2330,2990,3300,3500,3100,2600,3000,2980,3070,3070
Russia,https://dynamospanish.com/wp-content/uploads/flags/images/Russian_Federation/2/large/Russian_Federation.png,0,0,1010,1090,1150,1280,1440,1580,2100,2280,2360,2420,2330,1880,1920,1910,1880,1970,1970,2020,1800,1820,1820,2060,1650,800,810,920,930,860,780,500,490,660,810,790,810,820,970,710,750,800,900,950,1030,1000,1170,1260,1250,1280,1240,1210,1110,1120
Rwanda,https://dynamospanish.com/wp-content/uploads/flags/images/Rwanda/2/large/Rwanda.png,0,0,0,0,0,0,0,0,0,0,0,0,10,10,10,10,10,10,10,10,10,10,10,10,10,10,10,10,10,0,0,10,10,0,0,10,10,10,10,0,0,0,0,0,0,0,0,0,0,0,0,0,0,0
St. Kitts & Nevis,https://dynamospanish.com/wp-content/uploads/flags/images/Saint_Kitts_and_Nevis/2/large/Saint_Kitts_and_Nevis.png,170,170,210,340,180,140,150,160,170,150,250,180,210,140,160,160,100,90,90,110,290,310,280,230,190,460,430,320,620,610,430,430,550,410,770,570,600,680,590,650,390,310,230,320,230,350,540,850,900,550,310,350,390,410
St. Lucia,https://dynamospanish.com/wp-content/uploads/flags/images/Saint_Lucia/2/large/Saint_Lucia.png,270,250,250,290,310,390,370,410,610,480,650,870,940,350,290,400,360,310,400,460,430,260,410,470,460,570,760,1000,810,640,770,610,770,560,670,730,920,1030,1070,1110,1180,770,850,690,720,1680,1360,1280,1200,1450,1300,1170,1320,1460
St. Vincent & the Grenadines,https://dynamospanish.com/wp-content/uploads/flags/images/Saint_Vicent_and_the_Grenadines/2/large/Saint_Vicent_and_the_Grenadines.png,0,0,0,0,0,0,0,0,0,0,0,0,0,0,0,0,0,0,0,0,0,0,0,0,0,0,0,0,0,130,180,170,140,140,150,180,160,190,140,80,70,190,120,140,190,270,290,320,420,330,300,330,340,230
Samoa,https://dynamospanish.com/wp-content/uploads/flags/images/Samoa/2/large/Samoa.png,0,0,0,0,0,20,10,10,10,110,10,30,10,40,20,20,20,60,60,60,20,20,20,0,10,30,20,10,20,40,40,20,40,50,50,70,50,50,70,30,20,50,60,60,80,90,90,50,60,90,90,90,90,90
San Marino,https://dynamospanish.com/wp-content/uploads/flags/images/San_Marino/2/large/San_Marino.png,0,0,0,0,0,0,0,0,0,0,0,0,0,0,0,0,0,0,0,0,0,0,0,0,0,0,0,0,0,0,0,0,0,0,0,0,0,0,0,0,0,0,0,0,0,0,0,0,0,0,0,0,0,0
Sao Tome & Principe,https://dynamospanish.com/wp-content/uploads/flags/images/Sao_Tome_and_Principe/2/large/Sao_Tome_and_Principe.png,5810,5970,8080,6610,7280,6670,6770,7830,8039,6900,6580,6180,4800,5990,4960,4810,2590,1510,3670,1390,1330,690,490,940,750,650,1890,1730,2400,2320,3210,2580,4840,3490,3400,3960,3370,4680,3800,3260,2980,3920,4630,3910,3420,3870,2600,2710,2670,4260,4510,4510,4510,4510
Saudi Arabia,https://dynamospanish.com/wp-content/uploads/flags/images/Saudi_Arabia/2/large/Saudi_Arabia.png,0,0,0,0,0,0,0,0,0,0,0,0,0,0,0,0,0,0,0,0,0,0,0,0,0,0,0,0,0,0,0,0,0,0,0,0,0,0,0,0,0,0,0,0,0,0,10,0,0,0,0,0,0,0
Senegal,https://dynamospanish.com/wp-content/uploads/flags/images/Senegal/2/large/Senegal.png,910,770,860,670,490,430,440,380,350,290,310,340,310,300,420,460,430,350,320,310,340,310,360,330,190,220,160,240,320,260,130,110,90,100,100,80,80,100,110,90,140,180,170,150,120,140,120,70,130,120,130,110,90,90
Serbia,https://cdn11.bigcommerce.com/s-qf9b/images/stencil/500x659/products/1641/3280/serbiaPS__19306.1514879366.jpg,0,0,0,0,0,0,0,0,0,0,0,0,0,0,0,0,0,0,0,0,0,0,0,0,0,0,0,0,0,0,0,0,0,0,0,0,0,0,0,1380,1480,1510,1550,1610,2380,2630,3380,3740,4490,4450,4310,4180,4170,4160
Seychelles,https://dynamospanish.com/wp-content/uploads/flags/images/Seychelles/2/large/Seychelles.png,160,190,300,220,510,550,630,600,530,560,650,630,610,620,530,520,530,510,530,540,500,390,430,280,350,430,500,460,470,430,470,240,220,430,730,700,710,500,780,910,160,3720,630,1190,1030,2300,1900,1460,1620,2330,2710,2710,2710,2710
Sierra Leone,https://dynamospanish.com/wp-content/uploads/flags/images/Sierra_Leone/2/large/Sierra_Leone.png,90,40,60,30,20,0,10,20,40,30,40,70,40,30,30,30,20,10,0,20,10,10,20,10,10,10,10,10,10,10,0,0,10,0,0,10,10,10,0,0,0,10,10,10,10,10,10,20,30,30,30,30,30,30
Singapore,https://dynamospanish.com/wp-content/uploads/flags/images/Singapore/2/large/Singapore.png,40,30,40,30,50,40,40,60,60,80,110,80,110,120,120,130,150,150,140,150,140,140,150,160,70,70,70,70,70,70,70,70,80,80,100,110,110,120,120,120,130,200,150,170,180,190,220,230,230,250,270,270,280,270
Slovakia,https://dynamospanish.com/wp-content/uploads/flags/images/Slovakia/2/large/Slovakia.png,2420,2210,1940,2450,2770,2550,2400,2040,2210,2430,2510,2410,2390,2500,2990,2710,2810,2870,2540,2710,2760,2410,2460,2550,2600,2130,2420,2070,2100,2340,2360,2190,2060,1990,1860,1950,2000,1840,1760,1490,1480,1590,1460,1330,1560,2150,1430,1540,1650,1770,1770,1650,1770,2360
Slovenia,https://dynamospanish.com/wp-content/uploads/flags/images/Slovenia/2/large/Slovenia.png,0,0,0,0,0,0,0,0,0,0,0,0,0,0,0,0,0,0,0,0,8910,11460,10040,10120,8630,10780,9900,8390,7560,8029,7790,7860,7570,6140,6090,5340,5290,3020,1530,4910,4290,3280,5490,4180,5170,5430,4080,4580,4550,4840,4810,5500,4090,5310
Solomon Islands,https://dynamospanish.com/wp-content/uploads/flags/images/Soloman_Islands/2/large/Soloman_Islands.png,10,10,30,30,30,30,20,40,30,30,60,50,50,60,60,60,70,60,70,60,60,50,50,40,50,50,60,50,60,50,30,30,20,30,30,50,40,30,40,20,10,10,20,20,30,20,30,20,20,30,30,30,30,30
Somalia,https://dynamospanish.com/wp-content/uploads/flags/images/Somalia/2/large/Somalia.png,30,30,0,10,20,20,10,10,10,10,0,10,0,0,0,0,0,0,0,10,0,0,10,0,0,0,0,0,0,0,0,0,0,0,0,0,0,0,0,0,0,0,0,0,0,0,0,0,0,0,0,0,0,0
South Africa,https://dynamospanish.com/wp-content/uploads/flags/images/South_Africa/2/large/South_Africa.png,3830,4350,1610,1880,1800,1750,1920,1900,1970,1930,2360,2090,2230,2350,2160,2050,1860,1820,1740,1620,1700,1650,1680,1740,1730,1660,1690,1650,1610,1590,1600,1550,1460,1500,1580,1650,1710,1580,1580,1500,1610,1460,1270,1220,1410,1380,1400,1370,1280,1290,1290,1290,1280,1350
South Korea,https://dynamospanish.com/wp-content/uploads/flags/images/South_Korea/2/large/South_Korea.png,0,0,0,0,0,0,0,0,0,0,0,0,0,0,0,0,0,0,0,0,0,0,0,0,0,0,0,10,10,10,0,10,10,10,20,20,30,10,20,30,40,40,40,150,120,140,190,180,140,140,130,130,150,150
South Sudan,https://www.worldatlas.com/r/w728-h425-c728x425/upload/b1/9f/c9/ss-flag.jpg,0,0,0,0,0,0,0,0,0,0,0,0,0,0,0,0,0,0,0,0,0,0,0,0,0,0,0,0,0,0,0,0,0,0,0,0,0,0,0,0,0,0,0,0,0,0,0,0,0,0,0,0,0,0
Spain,https://dynamospanish.com/wp-content/uploads/flags/images/Spain/2/large/Spain.png,0,10490,9810,9500,9540,10080,9260,9450,9530,9390,9160,10220,11430,11720,11550,10770,9850,10580,9790,9690,8780,8400,8320,6940,6860,6650,6450,5640,5330,5100,5070,4490,4560,4270,4030,3970,4570,4620,4390,4120,3860,3960,3740,3800,3440,3200,2560,2230,2090,1970,2140,2150,2070,2070
Sri Lanka,https://dynamospanish.com/wp-content/uploads/flags/images/Sri_Lanka/2/large/Sri_Lanka.png,0,0,0,0,0,0,0,0,0,0,0,0,0,0,0,0,0,0,0,0,0,0,0,0,0,0,0,0,0,0,0,0,0,0,0,0,0,10,10,10,0,10,10,0,0,0,0,0,0,0,0,0,0,10
Sudan,https://dynamospanish.com/wp-content/uploads/flags/images/Sudan/2/large/Sudan.png,0,0,0,10,10,10,10,10,10,10,0,0,0,0,0,0,0,0,0,0,0,0,0,0,0,0,0,0,0,0,0,0,0,0,0,0,0,0,0,0,0,0,0,0,0,0,0,0,0,0,0,0,0,0
Suriname,https://dynamospanish.com/wp-content/uploads/flags/images/Suriname/2/large/Suriname.png,50,60,60,100,50,50,40,40,570,650,90,110,50,50,50,100,80,80,80,90,80,100,110,250,40,90,90,40,40,40,70,50,40,30,90,40,170,190,70,50,70,90,90,80,130,110,180,250,320,130,160,110,180,160
Swaziland,https://dynamospanish.com/wp-content/uploads/flags/images/Swaziland/2/large/Swaziland.png,0,0,0,0,0,0,0,0,120,180,300,290,960,500,540,520,710,980,520,690,720,1090,720,1030,1030,0,0,0,0,0,0,0,0,0,0,0,1080,720,1070,610,260,160,50,20,20,10,40,20,40,50,60,60,60,60
Sweden,https://dynamospanish.com/wp-content/uploads/flags/images/Sweden/2/large/Sweden.png,550,580,540,590,600,640,690,740,810,890,970,1100,1010,1070,1150,1180,1310,1250,1290,1300,1320,1410,1450,1550,1550,1600,1570,1630,1670,1650,1660,1700,1720,1780,1710,1810,1970,1980,2000,2200,2500,2800,2900,2800,2900,2900,3100,3100,3300,3400,3600,3600,3600,3600
Switzerland,https://dynamospanish.com/wp-content/uploads/flags/images/Switzerland/2/large/Switzerland.png,0,0,0,0,0,6150,6320,6220,6450,6600,6560,6950,7260,7150,6790,6640,6800,6900,6900,7110,7320,7280,7090,7290,7210,7040,7160,7200,7140,6500,6390,6160,6160,5960,5850,5850,5850,5720,5830,5810,5680,5550,5410,5270,5140,5000,5100,4970,4840,4940,4820,4690,4690,4570
Syria,https://dynamospanish.com/wp-content/uploads/flags/images/Syria/2/large/Syria.png,0,10,0,0,0,0,0,450,650,360,450,380,310,720,710,930,850,790,790,760,640,730,530,640,780,830,600,670,360,370,570,680,540,550,460,650,610,790,360,470,330,340,420,320,320,350,220,220,280,270,270,270,270,270
Taiwan,https://dynamospanish.com/wp-content/uploads/flags/images/Taiwan/2/large/Taiwan.png,0,0,0,0,0,0,0,0,0,0,0,0,0,0,0,0,0,0,0,0,0,0,0,0,0,0,0,0,0,0,0,0,0,0,0,0,0,0,0,0,0,0,0,0,0,0,0,0,0,0,0,0,0,0
Tajikistan,https://dynamospanish.com/wp-content/uploads/flags/images/Tajikistan/2/large/Tajikistan.png,0,0,0,0,0,0,0,0,0,0,0,0,0,0,0,0,0,0,0,0,0,0,0,0,0,0,0,0,0,0,0,720,520,390,370,390,270,220,170,120,180,200,80,50,20,10,10,10,10,10,10,10,10,10
Tanzania,https://dynamospanish.com/wp-content/uploads/flags/images/Tanzania/2/large/Tanzania.png,10,10,10,10,10,10,10,10,10,20,0,0,10,10,0,0,0,0,0,0,0,0,0,0,0,0,0,0,0,0,0,0,0,0,10,0,10,0,0,0,10,10,0,10,10,10,10,10,20,10,10,20,20,20
Thailand,https://dynamospanish.com/wp-content/uploads/flags/images/Thailand/2/large/Thailand.png,0,0,0,0,0,0,0,0,0,0,0,0,0,0,0,0,0,0,0,0,0,0,0,0,0,0,0,0,0,0,0,0,0,20,10,30,10,190,10,10,20,20,10,20,20,20,20,20,20,30,30,30,30,40
Timor,https://dynamospanish.com/wp-content/uploads/flags/images/Timor-Leste/2/large/Timor-Leste.png,100,70,160,90,150,150,260,200,260,150,240,90,90,150,0,0,0,0,0,0,0,0,0,0,0,0,0,0,0,70,70,60,50,50,50,40,40,40,30,30,30,30,30,20,20,20,30,40,70,60,90,90,90,90
Togo,https://dynamospanish.com/wp-content/uploads/flags/images/Togo/2/large/Togo.png,250,290,280,370,290,290,250,290,280,240,210,210,160,170,230,210,350,220,190,300,430,510,480,260,220,170,130,150,190,130,160,150,90,160,180,140,140,110,70,100,200,210,250,320,310,420,390,330,250,280,330,330,330,330
Tonga,https://dynamospanish.com/wp-content/uploads/flags/images/Tonga/2/large/Tonga.png,0,0,0,0,0,0,0,0,0,0,0,0,0,0,0,0,0,0,0,0,0,0,0,0,0,0,0,0,0,70,80,110,100,80,100,130,150,210,220,120,100,80,220,300,280,90,160,110,120,90,100,100,100,100
Trinidad & Tobago,https://dynamospanish.com/wp-content/uploads/flags/images/Trinidad_and_Tobago/2/large/Trinidad_and_Tobago.png,120,100,80,80,90,90,70,60,80,120,150,140,110,100,100,90,110,130,280,490,470,380,370,130,160,130,60,90,80,100,110,70,40,50,60,70,50,100,140,90,60,70,110,130,130,100,140,150,120,130,130,150,220,320
Tunisia,https://dynamospanish.com/wp-content/uploads/flags/images/Tunisia/2/large/Tunisia.png,1190,1420,620,990,1320,1530,1530,660,770,600,660,620,640,620,670,810,810,670,480,590,570,570,580,590,580,580,570,550,440,380,380,450,410,450,400,410,440,430,420,370,390,350,490,470,450,510,250,380,380,350,380,390,380,380
Turkey,https://dynamospanish.com/wp-content/uploads/flags/images/Turkey/2/large/Turkey.png,200,230,150,170,170,150,150,170,170,170,170,150,130,110,110,70,70,90,110,110,150,70,50,70,180,70,90,70,70,70,80,100,120,100,80,100,110,110,110,50,50,40,40,70,60,50,50,80,100,130,130,120,130,130
Turkmenistan,https://dynamospanish.com/wp-content/uploads/flags/images/Turkmenistan/2/large/Turkmenistan.png,0,0,0,0,0,0,0,0,0,0,0,0,0,0,0,0,0,0,0,0,0,0,0,0,0,0,0,0,0,0,0,420,400,1290,1040,1300,1620,1360,1520,1520,990,980,1460,1420,1370,1200,1050,950,820,810,790,810,810,800
Tuvalu,https://dynamospanish.com/wp-content/uploads/flags/images/Tuvalu/2/large/Tuvalu.png,0,0,0,0,0,0,0,0,0,0,0,0,0,0,0,0,0,0,0,0,0,0,0,0,0,0,0,0,0,0,0,0,140,0,20,0,20,110,40,60,180,130,70,40,170,150,70,160,540,550,1150,1150,1150,1150
Uganda,https://dynamospanish.com/wp-content/uploads/flags/images/Uganda/2/large/Uganda.png,10,10,10,10,10,10,10,10,10,10,10,0,0,0,0,0,0,0,0,0,0,0,0,0,0,0,0,0,0,0,0,0,0,0,0,0,0,0,0,0,0,0,0,10,0,0,0,0,10,10,10,10,10,10
Ukraine,https://dynamospanish.com/wp-content/uploads/flags/images/Ukraine/2/large/Ukraine.png,0,0,0,0,0,0,0,0,0,0,0,0,0,0,2390,2390,2390,2390,2390,2440,2450,2350,2260,2190,1810,1010,900,940,990,810,830,570,450,130,300,350,380,420,370,360,470,700,680,550,630,690,770,830,860,750,730,730,720,720
United Arab Emirates,https://dynamospanish.com/wp-content/uploads/flags/images/UAE/2/large/UAE.png,0,0,0,0,0,0,0,0,0,0,0,0,0,90,150,90,120,100,290,170,260,160,160,150,210,130,210,130,110,100,100,140,180,160,110,170,240,210,220,70,70,80,70,140,140,130,120,130,110,110,110,110,120,130
United Kingdom,https://dynamospanish.com/wp-content/uploads/flags/images/United_Kingdom/2/large/United_Kingdom.png,280,290,300,340,320,340,370,420,410,420,510,590,750,760,750,830,770,920,990,990,1060,1070,1160,1310,1360,1410,1650,1720,1780,1800,1810,1810,1870,1960,2029,2090,2290,2400,2480,3020,3220,3400,3650,3980,4100,3900,4240,4130,3870,3960,3950,3960,4030,4059
United States,https://dynamospanish.com/wp-content/uploads/flags/images/United_States_of_America/2/large/United_States_of_America.png,870,830,870,910,910,910,950,980,980,1020,1170,1140,1170,1170,1210,1210,1100,1170,1210,1290,1320,1360,1360,1400,1440,1480,1440,1360,1290,1250,1140,1140,1060,1060,1100,1140,1140,1140,1170,1170,1170,1250,1290,1320,1360,1400,1440,1440,1480,1440,1550,1590,1590,1630
Uruguay,https://dynamospanish.com/wp-content/uploads/flags/images/Uruguay/2/large/Uruguay.png,5680,5250,4910,4770,4970,4970,4080,4070,4230,4220,4210,4040,4090,4040,4019,4000,3990,3970,3960,3750,4250,4430,4810,4420,3650,3300,3850,3730,3720,3710,3760,3750,3970,4560,4350,4390,4480,4440,4660,4440,4360,4120,3610,3880,4230,4190,4150,3970,3850,3720,3430,3180,3250,3130
Uzbekistan,https://dynamospanish.com/wp-content/uploads/flags/images/Uzbekistan/2/large/Uzbekistan.png,0,0,0,0,0,0,0,0,0,0,0,0,0,0,0,0,0,0,0,0,0,0,0,0,0,0,0,0,0,0,0,600,470,420,720,410,520,490,470,370,330,250,340,260,180,190,190,190,110,110,130,130,130,130
Vanuatu,https://dynamospanish.com/wp-content/uploads/flags/images/Vanuatu/2/large/Vanuatu.png,2280,2990,2980,1900,2920,2460,3180,2870,2050,1580,1260,1040,1510,1460,580,620,650,680,670,690,680,830,780,880,900,640,580,530,550,350,500,410,360,810,690,430,610,600,480,240,160,190,180,170,220,180,180,280,230,190,170,170,170,170
Vatican,https://dynamospanish.com/wp-content/uploads/flags/images/Vatican_City/2/large/Vatican_City.png,0,0,0,0,0,0,0,0,0,0,0,0,0,0,0,0,0,0,0,0,0,0,0,0,0,0,0,0,0,0,0,0,0,0,0,0,0,0,0,0,0,0,0,0,0,0,0,0,0,0,0,0,0,0
Venezuela,https://dynamospanish.com/wp-content/uploads/flags/images/Venezuela/2/large/Venezuela.png,30,50,50,60,80,100,100,130,90,130,110,130,110,150,200,300,330,390,230,330,320,270,120,120,140,130,140,110,80,120,120,100,90,50,50,50,50,20,20,110,110,60,40,70,110,140,110,90,100,60,90,100,50,60
Vietnam,https://dynamospanish.com/wp-content/uploads/flags/images/Vietnam/2/large/Vietnam.png,0,0,0,0,0,0,0,0,0,0,0,0,0,0,0,0,0,0,0,0,0,0,0,0,0,0,0,0,0,0,0,0,0,0,0,0,0,0,0,0,10,10,10,10,10,10,10,10,10,20,20,20,20,20
Yemen,https://dynamospanish.com/wp-content/uploads/flags/images/Yemen/2/large/Yemen.png,0,0,0,0,0,0,0,0,0,0,0,0,0,0,0,0,0,0,0,0,0,0,0,0,0,0,0,0,0,0,0,0,0,0,0,0,0,0,0,0,0,0,0,0,0,0,0,0,0,0,0,0,0,0
Zambia,https://dynamospanish.com/wp-content/uploads/flags/images/Zambia/2/large/Zambia.png,20,20,20,20,20,20,40,30,30,40,30,30,20,30,30,20,10,10,10,10,10,10,10,10,50,10,10,0,0,10,10,10,10,0,0,10,10,10,10,10,20,20,10,30,10,20,40,40,60,70,60,60,70,70
Zimbabwe,https://dynamospanish.com/wp-content/uploads/flags/images/Zimbabwe/2/large/Zimbabwe.png,40,20,50,40,40,10,0,0,0,0,0,0,0,0,20,20,20,30,40,50,60,50,50,50,40,40,30,30,30,20,30,30,30,40,50,50,50,40,40,30,30,280,240,200,10,10,10,30,80,100,120,80,50,50
