country,category,url,1961,1962,1963,1964,1965,1966,1967,1968,1969,1970,1971,1972,1973,1974,1975,1976,1977,1978,1979,1980,1981,1982,1983,1984,1985,1986,1987,1988,1989,1990,1991,1992,1993,1994,1995,1996,1997,1998,1999,2000,2001,2002,2003,2004,2005,2006,2007,2008,2009,2010,2011,2012,2013,2014,2015,2016,2017,2018
Afghanistan,Asia & the Pacific,https://cdn.countryflags.com/thumbs/afghanistan/flag-button-round-250.png,10100,10100,10100,12400,13700,15300,18500,18700,18900,18300,14400,17800,18500,18700,18800,17600,10400,15200,14500,15000,14900,14300,14000,13400,12800,13000,11100,11300,11400,11378,11933,11600,11911,11818,11724,11629,11533,11434,11347,11241,11133,11023,13503,10800,9500,6284,7109,6500,4000,2000,6000,6000,6320,6930,4926,4055,3914,4707
Albania,Europe,https://cdn.countryflags.com/thumbs/albania/flag-button-round-250.png,2553,2100,2061,2370,2000,2240,2560,2800,3520,3300,4000,5500,5200,5600,6000,9000,8000,9400,9600,10800,9200,12600,13800,12000,13200,13900,9900,13400,15100,10200,11000,12900,13300,13000,3782,3001,3017,2216,2200,2600,2800,3400,4400,4900,5200,3670,4200,4500,5750,6631,7100,9120,9665,4120,8347,10063,9130,10779
Algeria,Africa,https://cdn.countryflags.com/thumbs/algeria/flag-button-round-250.png,251000,275820,282000,320930,285738,282010,282277,295944,345367,360388,346046,357295,342893,350471,336580,359022,342932,284686,297264,280661,229598,200944,161837,182937,169885,167235,183270,207980,176620,183830,221965,251937,249842,252878,226716,236724,243284,280393,307349,299583,327083,362490,389372,417150,435236,474453,490915,502991,626091,582496,814740,802517,890674,955206,1005079,892764,1013951,1134194
Andorra,Europe,https://cdn.countryflags.com/thumbs/andorra/flag-button-round-250.png,"","","","","","","","","","","","","","","","","","","","","","","","","","","","","","","","","","","","","","","","","","","","","","","","","","","","","","","","","",""
Angola,Africa,https://cdn.countryflags.com/thumbs/angola/flag-button-round-250.png,"","","","","","","","","","","","","","","","","","","","","","","","","","","","","","","","","","","","","","","","","","","","","","","","","","","","","","","","","",""
Antigua & B.,Latin America & the Caribbean,https://cdn.countryflags.com/thumbs/antigua-and-barbuda/flag-button-round-250.png,"","","","","","","","","","","","","","","","","","","","","","","","","","","","","","","","","","","","","","","","","","","","","","","","","","","","","","","","","",""
Argentina,Latin America & the Caribbean,https://cdn.countryflags.com/thumbs/argentina/flag-button-round-250.png,521000,518000,496500,528000,420000,614000,640400,682000,820500,864600,990000,750000,782800,833000,729000,743000,740000,670000,706000,704000,668000,606000,639000,620400,620800,623200,642400,650200,680800,648300,773900,739000,708900,746576,760097,504429,918461,983833,706159,787096,918294,766854,687346,770000,885871,990000,800000,942541,898732,833486,1130074,933526,859752,1022276,1001309,1032446,1025000,1006779
Armenia,Europe,https://cdn.countryflags.com/thumbs/armenia/flag-button-round-250.png,"","","","","","","","","","","","","","","","","","","","","","","","","","","","","","","","","","","","","","","","","","","","","","","","","","","","","","","","","",""
Australia,Oceania,https://cdn.countryflags.com/thumbs/australia/flag-button-round-250.png,177832,177832,202634,190184,235922,198931,232455,214370,263845,234347,322424,291014,351904,310036,341042,361522,321674,356538,368554,392092,424494,376317,409995,391841,444953,486000,503760,478918,399248,487177,453262,469881,616496,582095,517242,442077,522622,499784,445840,509973,550200,450559,599484,395164,498112,507233,470673,409273,347724,391343,291223,389799,400554,350000,337636,398610,332321,378233
Austria,Europe,https://cdn.countryflags.com/thumbs/austria/flag-button-round-250.png,"","","","","","","","","","","","","","","","","","","","","","","","","","","","","","","","","","","","","","","","","","","","","","","","","","","","","","","","","",""
Azerbaijan,Asia & the Pacific,https://cdn.countryflags.com/thumbs/azerbaijan/flag-button-round-250.png,"","","","","","","","","","","","","","","","","","","","","","","","","","","","","","","",903,780,728,730,723,691,877,1105,2006,2051,2027,2173,2212,2226,2285,2266,596,755,797,845,1100,1563,1584,2036,3003,3018,3090
Bahamas,Latin America & the Caribbean,https://cdn.countryflags.com/thumbs/bahamas/flag-button-round-250.png,"","","","","","","","","","","","","","","","","","","","","","","","","","","","","","","","","","","","","","","","","","","","","","","","","",3655,3658,3661,3664,3667,3670,3673,3676,3679
Bahrain,Asia & the Pacific,https://cdn.countryflags.com/thumbs/bahrain/flag-button-round-250.png,"","","","","","","","","","","","","","","","","","","","","","","","","","","","","","","","","","","","","","","","","","","","","","","","","","","","","","","","","",""
Bangladesh,Asia & the Pacific,https://cdn.countryflags.com/thumbs/bangladesh/flag-button-round-250.png,10000,15000,17000,20000,20000,9000,10000,10000,10200,12200,10700,8100,8164,7712,8057,8581,8693,8479,8606,8566,8564,8684,9350,9459,9209,8441,7945,7955,8432,8685,1030,660,660,715,780,1000,1000,1000,1000,1000,1000,1000,975,1000,970,840,867,1558,2063,2666,2998,2986,3448,3674,3954,3218,3372,3315
Barbados,Latin America & the Caribbean,https://cdn.countryflags.com/thumbs/barbados/flag-button-round-250.png,"","","","","","","","","","","","","","","","","","","","","","","","","","","","","","","","","","","","","","","","","","","","","","","","","","","","","","","","","",""
Belarus,Europe,https://cdn.countryflags.com/thumbs/belarus/flag-button-round-250.png,"","","","","","","","","","","","","","","","","","","","","","","","","","","","","","","","","","","","","","","","","","","","","","","","","","","","","","","","","",""
Belgium,Europe,https://cdn.countryflags.com/thumbs/belgium/flag-button-round-250.png,"","","","","","","","","","","","","","","","","","","","","","","","","","","","","","","","","","","","","","","","","","","","","","","","","","","","","","","","","",""
Belize,Latin America & the Caribbean,https://cdn.countryflags.com/thumbs/belize/flag-button-round-250.png,35000,29000,30903,35067,34945,38864,28535,29964,34659,22779,37762,36496,39639,44946,32699,32740,25841,28005,23188,45273,43395,43191,30617,45885,42579,51641,73114,54621,59112,69236,49109,98283,130450,82465,127892,129246,185972,159111,181192,228192,234097,168300,165185,201943,255754,201300,213149,231115,225331,157230,181563,237020,165404,169781,166295,132585,130670,99341
Benin,Africa,https://cdn.countryflags.com/thumbs/benin/flag-button-round-250.png,10240,10400,10500,10500,10000,10000,10500,10500,11000,11000,10500,10500,11000,11500,12000,12000,12000,12000,12000,12000,12000,12000,12000,12500,12000,12000,12000,12000,12000,10839,9351,9559,9768,9976,10185,10393,10602,10811,11019,11228,11436,11645,11853,12062,12085,12330,12500,12775,13014,13269,13500,14000,14193,14427,14549,14747,14986,15226
Bhutan,Asia & the Pacific,https://cdn.countryflags.com/thumbs/bhutan/flag-button-round-250.png,16000,16500,17000,17500,18000,18500,19000,19500,20000,20500,21000,21500,22000,22500,23000,23500,24000,25000,25200,25400,25600,26800,28000,38672,26000,27000,53100,54000,55000,57700,57800,57900,58000,52139,50090,46724,44503,40590,39330,30000,32428,37300,36300,36000,39188,39491,40000,25000,42112,52621,63609,49501,49069,41485,15977,42003,28017,32149
Bolivia,Latin America & the Caribbean,https://cdn.countryflags.com/thumbs/bolivia/flag-button-round-250.png,42000,43000,45000,46000,48000,49300,50900,52500,47000,54000,58000,60000,60400,64330,67050,76500,79200,80870,84995,85710,84305,96205,95905,43323,38275,39296,69000,74000,76130,78457,82295,83590,88316,93770,92435,93638,99690,100555,105910,110000,110110,104591,84576,86118,87672,89748,91634,93351,165397,167134,167166,168109,165363,179722,181902,185093,180021,189335
Bosnia & H.,Europe,https://cdn.countryflags.com/thumbs/bosnia-and-herzegovina/flag-button-round-250.png,"","","","","","","","","","","","","","","","","","","","","","","","","","","","","","","",65,40,50,65,50,57,70,87,101,120,123,124,127,127,127,125,126,122,120,122,125,130,130,129,133,131,132
Botswana,Africa,https://cdn.countryflags.com/thumbs/botswana/flag-button-round-250.png,600,600,600,583,671,671,671,671,218,218,250,250,250,250,300,350,400,450,450,450,450,500,500,500,500,500,500,500,500,545,516,525,533,542,550,540,508,400,500,600,582,584,587,592,600,678,980,850,500,649,600,600,700,748,842,763,755,762
Brazil,Latin America & the Caribbean,https://cdn.countryflags.com/thumbs/brazil/flag-button-round-250.png,1761768,1850900,2106470,2054960,2285524,2353313,2504656,2717346,2896811,3099440,3256829,3789163,4930400,5858941,6313171,7168270,7164691,7826336,8445223,10891814,11393332,11598204,11713731,12944524,14214307,13233370,14611100,14975260,17773580,17520520,18936344,19682292,18797188,17445968,19837212,21079044,23046800,20850504,22893312,21330258,16983436,18530582,16917558,18313716,17853444,18032312,18684984,18538084,17618450,18503139,19811064,18012560,17549536,16928457,16953015,16980379,17492882,16713534
Brunei,Asia & the Pacific,https://cdn.countryflags.com/thumbs/brunei/flag-button-round-250.png,400,400,450,450,450,448,450,450,454,500,533,400,380,350,350,350,300,300,300,237,250,234,227,250,260,250,250,240,240,237,230,226,247,226,200,228,230,246,240,273,300,303,320,329,337,345,356,366,377,388,398,420,420,426,438,445,454,462
Bulgaria,Europe,https://cdn.countryflags.com/thumbs/bulgaria/flag-button-round-250.png,"","","","","","","","","","","","","","","","","","","","","","","","","","","","","","","","","","","","","","","","","","","","","","","","","","","","","","","","","",""
Burkina Faso,Africa,https://cdn.countryflags.com/thumbs/burkina-faso/flag-button-round-250.png,"","","","","","","","","","","","","","","","",200,200,200,200,200,400,400,500,500,500,500,500,500,452,491,496,500,504,508,513,517,522,578,542,538,539,541,543,550,500,550,560,566,573,578,600,610,603,604,611,617,623
Burundi,Africa,https://cdn.countryflags.com/thumbs/burundi/flag-button-round-250.png,"","","","","","","","","","","","","","","","","","","","","","","","","","","","","","","","","","","","","","","","","","","","","","","","","","","","","","","","","",""
Cambodia,Asia & the Pacific,https://cdn.countryflags.com/thumbs/cambodia/flag-button-round-250.png,38000,21000,31000,35000,40000,45000,26000,30000,41000,41000,41000,35500,35000,33000,30000,32000,32000,28000,20000,22000,23000,25000,30000,33000,36000,38000,40000,41000,42000,43000,45000,46000,47000,48500,50000,60000,62000,63000,63000,63000,63000,63000,63000,63000,63000,65000,63000,64000,65000,65239,64591,64435,64517,64697,65963,66021,66241,66462
Cameroon,Africa,https://cdn.countryflags.com/thumbs/cameroon/flag-button-round-250.png,"","","","","","","","","","","","","","","","","","","","","","","","","","","","","","","","","","","","","","","","","","","","","","","","","","","","","","","","","",""
Canada,North America,https://cdn.countryflags.com/thumbs/canada/flag-button-round-250.png,"","","","","","","","","","","","","","","","","","","","","","","","","","","","","","","","","","","","","","","","","","","","","","","","","","","","","","","","","",""
Cape Verde,Africa,https://cdn.countryflags.com/thumbs/cape-verde/flag-button-round-250.png,"","","","","","","","","","","","","","","","","","","","","","","","","","","","","","","","","","","","","","","","","","","","","","","","","","","","","","","","","",""
Central African Rep.,Africa,https://cdn.countryflags.com/thumbs/central-african-republic/flag-button-round-250.png,11000,11000,11000,11000,11000,11000,11000,11000,11000,11000,11000,11000,11000,11000,11500,11500,12000,12000,12000,12500,12500,13000,13200,13400,13400,13500,14000,14600,15100,15600,15900,16200,17000,18000,20000,20885,22000,22067,23000,24000,23246,22000,20000,20500,21000,21459,21751,22000,23000,24000,26474,30500,32794,35207,33152,34450,35285,34296
Chad,Africa,https://cdn.countryflags.com/thumbs/chad/flag-button-round-250.png,"","","","","","","","","","","","","","","","","","","","","","","","","","","","","","","","","","","","","","","","","","","","","","","","","","","","","","","","","",""
Chile,Latin America & the Caribbean,https://cdn.countryflags.com/thumbs/chile/flag-button-round-250.png,45000,48000,39000,43000,44000,41000,40000,44000,40000,43000,43000,43000,45500,46600,46900,48000,51000,53800,56585,59200,58815,65350,66776,72000,75000,78200,85500,96000,99000,97200,99000,105000,110000,112000,108000,125000,88000,96000,88000,97000,101000,120000,125000,140000,140000,148000,150000,160000,135000,132686,140282,142933,144610,136113,120074,121683,120175,113565
China,Asia & the Pacific,https://cdn.countryflags.com/thumbs/china/flag-button-round-250.png,43607,52404,46974,63167,66787,76033,81113,87060,89268,94111,115717,144740,155495,171200,167900,163000,188100,185400,232700,284856,282499,350120,435541,479217,576991,743836,998126,847756,1315768,1374163,1710868,1404557,1750281,1790268,2122798,2181986,2109963,1185447,1435398,1180631,1487609,1643469,2013132,2332836,2740931,3075070,3689311,4191040,4864956,5803289,6867029,7258745,7466496,7964133,8191678,8414043,8550882,9246305
Colombia,Latin America & the Caribbean,https://cdn.countryflags.com/thumbs/colombia/flag-button-round-250.png,68000,72000,75000,78000,80000,81000,83000,87000,89000,91000,93000,95000,100000,105000,117378,189120,190048,192064,220700,225100,252890,230620,250100,228972,240000,298146,314318,333315,354822,160952,232679,256257,330000,375723,395520,407000,421060,300000,339776,352897,237624,297962,69163,88341,96179,405120,352983,264000,194243,228129,260715,229229,245267,233342,268750,294895,282434,243151
Comoros,Africa,https://cdn.countryflags.com/thumbs/comoros/flag-button-round-250.png,"","","","","","","","","","","","","","","","","","","","","","","","","","","","","","","","","","","","","","","","","","","","","","","","","","","","","","","","","",""
Congo,Africa,https://cdn.countryflags.com/thumbs/congo-republic-of-the/flag-button-round-250.png,2000,2000,2000,2000,2000,2200,2200,2300,2300,2400,2400,2500,2600,2700,2800,2800,2900,3000,3000,3000,3000,3000,2900,2900,2900,2850,2850,2850,2800,3082,2697,2600,2520,2500,2469,2338,2400,2400,2421,2487,2500,1981,2256,2256,2300,2400,2300,2294,2400,2280,2258,2264,2255,2228,2226,2228,2221,2214
Costa Rica,Latin America & the Caribbean,https://cdn.countryflags.com/thumbs/costa-rica/flag-round-250.png,39200,40000,42200,43800,47200,49200,51200,55000,57000,59100,60000,62000,64000,65000,68000,70000,72500,74000,74000,75000,76000,77000,77500,77500,80000,81000,81500,82000,83000,110690,133000,134000,160000,129573,150000,165000,298483,329432,283195,405000,436564,367000,367000,447168,382704,448800,424000,278000,500000,252000,284486,280000,280000,220000,226844,230855,234877,236774
Cote d'Ivoire,Africa,https://cdn.countryflags.com/thumbs/cote-d-ivoire/flag-button-round-250.png,5000,5000,5000,5000,5000,5000,5000,5000,6000,8000,10000,12000,15000,15000,15000,18000,18000,18000,20000,21000,22000,24000,25000,26000,27000,28000,28000,28000,28000,18164,25910,27205,28156,28000,27623,28083,29030,29783,28634,29248,30007,30637,31280,32316,33386,34497,35000,35128,35533,35797,36809,37714,38056,39839,40441,40263,40506,41043
Croatia,Europe,https://cdn.countryflags.com/thumbs/croatia/flag-button-round-250.png,"","","","","","","","","","","","","","","","","","","","","","","","","","","","","","","",268,503,608,773,675,562,568,654,497,583,503,463,332,574,556,531,416,524,202,315,269,145,106,255,467,173,474
Cuba,Latin America & the Caribbean,https://cdn.countryflags.com/thumbs/cuba/flag-button-round-250.png,74000,74000,81743,94363,91280,127251,116823,126540,116205,128919,89961,119359,125076,105331,126903,127217,166446,192403,191369,304081,257544,338791,399645,370992,406390,440708,495949,507711,473530,601854,495389,455628,402869,269257,286200,295300,498000,374300,493186,470487,608172,296612,492200,495000,389469,178357,302800,200400,261000,178263,122900,93837,85110,36103,40159,38046,30552,21327
Cyprus,Asia & the Pacific,https://cdn.countryflags.com/thumbs/cyprus/flag-button-round-250.png,57900,45200,66000,57900,60900,67500,86800,101600,106680,98552,165608,146812,193040,157480,32512,36068,40132,36881,36068,31512,40640,43180,41500,51000,45500,40000,51000,40000,50000,63000,55000,60000,57500,46000,55000,52500,50500,44500,52800,42700,36500,45500,42702,46822,48259,46792,42113,37847,34441,33583,40214,34763,34644,33254,32796,26449,20173,20377
Czech Rep.,Europe,https://cdn.countryflags.com/thumbs/czech-republic/flag-button-round-250.png,"","","","","","","","","","","","","","","","","","","","","","","","","","","","","","","","","","","","","","","","","","","","","","","","","","","","","","","","","",""
DR Congo,Africa,https://cdn.countryflags.com/thumbs/congo-democratic-republic-of-the/flag-button-round-250.png,105000,107000,109000,111000,113000,115000,117000,120000,125000,128800,125500,136100,140400,143000,144500,147100,143200,142500,141000,140000,142000,144000,146000,148000,150000,160000,170000,180000,190000,200000,232578,252068,273193,296078,199090,191797,197833,199257,192000,185000,178255,179600,179820,180040,180260,180480,180700,180920,181140,181360,181581,178206,172741,168326,169960,170510,169492,168473
Denmark,Europe,https://cdn.countryflags.com/thumbs/denmark/flag-button-round-250.png,"","","","","","","","","","","","","","","","","","","","","","","","","","","","","","","","","","","","","","","","","","","","","","","","","","","","","","","","","",""
Djibouti,Africa,https://cdn.countryflags.com/thumbs/djibouti/flag-button-round-250.png,"","","","","","","","","","","","","","","","","","","","","","","","","","","","","",2,2,2,2,2,3,3,3,3,3,3,3,3,3,3,3,3,3,3,4,4,4,5,5,5,5,5,5,5
Dominica,Latin America & the Caribbean,https://cdn.countryflags.com/thumbs/dominica/flag-button-round-250.png,1500,1500,1550,1600,1650,1700,1730,1750,1780,1800,1830,1850,1880,1900,1975,2012,3455,3242,2356,2356,2403,2427,2213,2284,2750,5123,5000,5773,4616,3185,3190,3719,3232,3800,4340,7292,8335,8000,7500,7200,7000,6918,7032,7076,7129,7200,7256,7273,7248,7300,6850,6250,6237,6221,6821,6760,6773,6786
Dominican Rep.,Latin America & the Caribbean,https://cdn.countryflags.com/thumbs/dominican-republic/flag-button-round-250.png,51000,53452,54775,55862,56128,56953,57778,58595,59421,63889,65153,66109,66875,67641,65000,69000,68700,60200,69000,71000,65000,60000,55000,50965,61063,62126,58616,58967,59320,60386,60507,63596,70774,73120,77507,97521,98932,80602,81957,131432,66698,86082,157070,136287,103679,116899,121633,108278,128797,138034,139350,170923,157881,167413,149880,134543,130938,136049
Ecuador,Latin America & the Caribbean,https://cdn.countryflags.com/thumbs/ecuador/flag-button-round-250.png,138969,136800,134781,129314,167632,164657,181747,143181,154866,152904,172864,153060,143698,237648,250000,300000,519794,498311,503710,533493,525236,500507,355154,271961,230726,69241,77620,86695,71431,77071,76811,76183,84321,88483,86123,91349,216618,121702,121702,149380,152225,109609,68219,124946,65897,57497,56059,54916,49088,47494,36607,48380,42050,114196,116809,75333,142546,103121
Egypt,Africa,https://cdn.countryflags.com/thumbs/egypt/flag-button-round-250.png,157000,280000,337000,329000,340000,487760,532000,495000,627000,567000,707202,683000,767000,819000,856000,781503,671000,843000,1050587,920881,895435,1201000,1243168,1182000,1168000,1234000,1387000,1199000,1398000,1574287,1624238,1771457,1324170,1513050,1555024,1613256,1522098,1441652,1636600,1610520,1696290,1808579,1767710,1850025,1940420,2120050,2054626,2138425,2372257,2401015,2577720,2786397,2855022,3135931,3351307,2939084,3147545,3246483
El Salvador,Latin America & the Caribbean,https://cdn.countryflags.com/thumbs/el-salvador/flag-button-round-250.png,25400,26400,27000,29200,29900,30600,37300,32800,38232,38700,36100,38000,39000,40000,46695,47362,51226,97152,97150,99112,105230,104972,117576,99940,100022,102083,97405,86230,95910,107100,123900,124000,125000,124936,91200,33007,36307,26130,37044,37258,37300,37258,38776,38776,56312,59695,66978,73006,73132,45699,42446,94797,69038,65783,67020,69394,69403,64242
Equatorial Guinea,Africa,https://cdn.countryflags.com/thumbs/equatorial-guinea/flag-button-round-250.png,"","","","","","","","","","","","","","","","","","","","","","","","","","","","","","","","","","","","","","","","","","","","","","","","","","","","","","","","","",""
Eritrea,Africa,https://cdn.countryflags.com/thumbs/eritrea/flag-button-round-250.png,"","","","","","","","","","","","","","","","","","","","","","","","","","","","","","","","","","","","","","","","","","","","","","","","","","","","","","","","","",""
Estonia,Europe,https://cdn.countryflags.com/thumbs/estonia/flag-button-round-250.png,"","","","","","","","","","","","","","","","","","","","","","","","","","","","","","","","","","","","","","","","","","","","","","","","","","","","","","","","","",""
Ethiopia,Africa,https://cdn.countryflags.com/thumbs/ethiopia/flag-button-round-250.png,"","","","","","","","","","","","","","","","","","","","","","","","","","","","","","","","",13053,13000,13114,13296,13526,13500,14126,14000,13250,12500,12612,17375,50567,46583,42807,29341,43828,43979,48751,35746,33183,31428,31191,20656,24788,25902
Fiji,Asia & the Pacific,https://cdn.countryflags.com/thumbs/fiji/flag-button-round-250.png,200,500,800,150,350,200,400,500,200,400,600,300,400,200,800,600,150,500,300,200,600,400,200,700,500,200,183,665,431,526,400,371,400,500,474,452,500,644,700,547,464,350,34,216,339,137,257,74,27,95,98,97,97,93,1421,690,684,990
Finland,Europe,https://cdn.countryflags.com/thumbs/finland/flag-button-round-250.png,"","","","","","","","","","","","","","","","","","","","","","","","","","","","","","","","","","","","","","","","","","","","","","","","","","","","","","","","","",""
France,Europe,https://cdn.countryflags.com/thumbs/france/flag-button-round-250.png,1300,1610,1890,2110,1580,3090,3120,2180,3500,2300,2000,2083,2084,2084,2615,3411,1770,1425,1340,1400,1794,1500,1600,1630,2551,2671,2711,2873,3095,1841,2113,1607,1637,1263,1154,1189,1217,1151,1073,550,552,693,611,647,644,758,4298,5008,4813,6074,5985,4213,4116,3657,3672,10478,10842,10692
Gabon,Africa,https://cdn.countryflags.com/thumbs/gabon/flag-button-round-250.png,"","","","","","","","","","","","","","","","","","","","","","","","","","","","","","","","","","","","","","","","","","","","","","","","","","","","","","","","","",""
Gambia,Africa,https://cdn.countryflags.com/thumbs/gambia/flag-button-round-250.png,"","","","","","","","","","","","","","","","","","","","","","","","","","","","","","","","","","","","","","","","","","","","","","","","","","","","","","","","","",""
Georgia,Europe,https://cdn.countryflags.com/thumbs/georgia/flag-button-round-250.png,"","","","","","","","","","","","","","","","","","","","","","","","","","","","","","","",10000,3000,3300,4000,3000,2100,3100,2000,1500,2200,1200,2200,1400,4500,1900,3700,1900,1500,1400,600,3500,1400,1700,3500,2500,1800,1600
Germany,Europe,https://cdn.countryflags.com/thumbs/germany/flag-button-round-250.png,"","","","","","","","","","","","","","","","","","","","","","","","","","","","","","","","","","","","","","","","","","","","","","","","","","","","","","","","","",""
Ghana,Africa,https://cdn.countryflags.com/thumbs/ghana/flag-button-round-250.png,26000,26000,24000,24000,29973,36985,57917,59949,63402,129000,129000,90000,128000,150400,150400,52000,19000,21000,11000,154200,133700,107900,129300,100000,80000,70000,65000,65000,59000,50000,80000,97000,115000,143000,200000,257800,257100,270400,270000,300000,300000,330000,338000,440000,500000,470000,520000,550000,560000,580000,600000,625000,663170,690130,690130,690130,700475,753213
Gibraltar,Europe,http://img.freeflagicons.com/thumb/round_icon/gibraltar/gibraltar_640.png,"","","","","","","","","","","","","","","","","","","","","","","","","","","","","","","","","","","","","","","","","","","","","","","","","","","","","","","","","",""
Greece,Europe,https://cdn.countryflags.com/thumbs/greece/flag-button-round-250.png,312023,251934,271180,381827,379928,444854,301159,440346,475740,414415,362720,510027,429843,582963,556932,579045,581308,570821,346413,656221,728195,740509,664943,805344,631609,848241,486730,778344,946041,878185,788300,942900,936923,1030399,938233,955456,997131,819254,1123421,945763,1112307,1193191,951892,698294,936094,899122,815668,865905,969852,905159,847254,849538,875823,754175,808646,805860,727459,913000
Greenland,North America,https://image.flaticon.com/icons/svg/197/197453.svg,"","","","","","","","","","","","","","","","","","","","","","","","","","","","","","","","","","","","","","","","","","","","","","","","","","","","","","","","","",""
Grenada,Latin America & the Caribbean,https://cdn.countryflags.com/thumbs/grenada/flag-button-round-250.png,760,770,780,790,800,800,810,820,830,840,850,860,868,746,771,750,890,961,1008,936,983,1032,932,975,861,851,843,898,845,887,862,837,840,853,844,900,917,915,914,880,860,840,820,798,777,756,735,713,692,670,648,600,603,600,565,543,522,502
Guatemala,Latin America & the Caribbean,https://cdn.countryflags.com/thumbs/guatemala/flag-button-round-250.png,"","","","","","","","","","","","","","","","","","","",46000,50000,55000,55000,60000,63000,65000,70000,75000,75000,81208,81052,81029,81153,71190,79973,80082,80059,81190,97522,104326,103419,104140,141299,137992,138155,137679,134649,142410,150593,154482,160098,152206,154475,155419,160776,177023,180409,177396
Guinea,Africa,https://cdn.countryflags.com/thumbs/guinea/flag-button-round-250.png,"","","","","","","","","","","","","","","","","","","","","","","","","","","","","","","","","","","","","","","","","","","","","","","","","","","","","","","","","",""
Guinea-Bissau,Africa,https://cdn.countryflags.com/thumbs/guinea-bissau/flag-button-round-250.png,"","","","","","","","","","","","","","","","",100,200,400,600,800,1000,1200,1300,1400,2000,2600,3200,3800,4400,5000,4976,4957,5032,5107,5183,5260,5338,5416,5494,5573,5651,5730,5809,5887,5965,6000,6124,6204,6284,6363,6500,6516,6591,6677,6732,6803,6876
Guyana,Latin America & the Caribbean,https://cdn.countryflags.com/thumbs/guyana/flag-button-round-250.png,9000,9263,8123,11486,12247,8450,9072,9525,9979,8391,10262,10432,10774,9979,10886,10206,11793,10700,10342,10660,10886,10886,10886,10700,11400,13200,11000,7400,5400,6400,6400,7200,7600,7600,4130,2329,1613,2587,3500,8008,4860,5000,4966,4185,3760,5000,6000,5173,6500,7164,3005,1306,2581,4300,9711,2039,8064,21734
Haiti,Latin America & the Caribbean,https://cdn.countryflags.com/thumbs/haiti/flag-button-round-250.png,20000,20000,20500,21000,21500,22400,22900,23500,24300,24800,25000,25500,26100,26700,27400,27600,25000,27000,28000,29000,30000,30000,31000,31500,32000,32000,32000,31000,30000,31121,29000,26000,25760,25500,25000,24700,24445,24267,25000,25000,20000,24750,23000,26000,30000,30000,37000,40259,42308,44832,47220,48450,57800,60051,60751,59534,60112,60132
Honduras,Latin America & the Caribbean,https://cdn.countryflags.com/thumbs/honduras/flag-button-round-250.png,11190,12029,12222,13119,15231,17862,18748,16737,17380,18266,19300,25088,27000,27000,28000,30000,32000,34000,36400,36400,41600,45300,46000,48000,50000,53000,56000,59000,62980,36100,42933,90569,85474,85500,85000,85000,85000,106000,126172,120000,142000,240325,255201,270118,284994,290000,236709,239786,244841,224146,271736,276036,283202,134234,216645,297804,263209,261572
Hong Kong,Asia & the Pacific,https://image.flaticon.com/icons/svg/197/197570.svg,"","","","","","","","","","","","","","","","","","","","","","","","","","","","","","","","","","","","","","","","","","","","","","","","","","","","","","","","","",""
Hungary,Europe,https://cdn.countryflags.com/thumbs/hungary/flag-button-round-250.png,"","","","","","","","","","","","","","","","","","","","","","","","","","","","","","","","","","","","","","","","","","","","","","","","","","","","","","","","","",""
Iceland,Europe,https://cdn.countryflags.com/thumbs/iceland/flag-button-round-250.png,"","","","","","","","","","","","","","","","","","","","","","","","","","","","","","","","","","","","","","","","","","","","","","","","","","","","","","","","","",""
India,Asia & the Pacific,https://cdn.countryflags.com/thumbs/india/flag-button-round-250.png,752000,670000,670000,691000,780000,900000,1000000,1213000,1100000,1200000,1250000,1300000,1200000,1300000,1150000,1400000,1138000,1070000,1130000,1171000,1209000,1258000,1358000,1347000,1350000,1346000,1500000,1400000,1920000,2010000,1890000,1330000,1895000,1883200,1595200,2041300,2564000,2354200,2446800,2674700,2574700,2870500,1921900,3263200,3314000,3437400,4266900,4860300,5201350,5966400,4571000,4360400,6426200,7317610,7710000,7581000,7647000,8367000
Indonesia,Asia & the Pacific,https://cdn.countryflags.com/thumbs/indonesia/flag-button-round-250.png,80000,80000,100000,100000,100000,100000,100000,100000,100000,107000,129000,148000,171000,166000,167400,152000,210210,220000,187967,311014,465729,355000,493047,539000,485236,619000,559000,444967,268578,253661,353011,395732,260341,393427,1004631,730860,696422,490937,449531,644052,691433,968132,1529824,2071084,2214019,2565543,2625884,2467632,2131768,2028904,1818949,1611784,1654745,1926560,1856174,2138474,2295325,2510442
Iran,Asia & the Pacific,https://cdn.countryflags.com/thumbs/iran/flag-button-round-250.png,51000,55000,58000,62000,66000,94000,122000,152400,164000,178000,194000,211000,230000,251000,274000,300000,325000,353000,348000,360000,405000,450705,435377,534149,739178,931330,981889,1174910,1288155,1333804,1285486,1819414,1439531,1583958,1555920,1669529,1705603,1749185,1866225,1843042,1878548,1973332,2018616,2129472,2253209,1851738,2054658,2015587,2016075,2176258,2293258,2456131,2547166,1530362,1530362,1561134,1755632,1889252
Iraq,Asia & the Pacific,https://cdn.countryflags.com/thumbs/iraq/flag-button-round-250.png,14000,20000,20000,25000,25000,22000,22000,25000,25000,30000,30000,30000,35000,40000,60000,90000,110000,136670,138000,105000,130000,142300,155000,153000,157000,163000,180000,175000,175000,180000,246345,300000,314200,315400,318000,315000,310000,316000,300000,270000,330000,328200,200000,91000,79000,78000,73447,92551,101543,97907,90923,92481,112501,115562,67430,73460,74774,70963
Ireland,Europe,https://cdn.countryflags.com/thumbs/ireland/flag-button-round-250.png,"","","","","","","","","","","","","","","","","","","","","","","","","","","","","","","","","","","","","","","","","","","","","","","","","","","","","","","","","",""
Israel,Asia & the Pacific,https://cdn.countryflags.com/thumbs/israel/flag-button-round-250.png,399200,435400,569550,623700,643300,637400,765950,902880,821400,885475,1044600,1115650,1179600,1192900,979500,960800,907500,901800,931500,885200,780700,1064100,843700,934400,913400,731300,896500,629200,555350,871150,564100,515700,388640,367140,350320,343290,359800,312900,226400,267400,230600,165500,145500,122600,187600,146519,190408,118104,136124,134829,90525,111858,90220,77710,71494,76000,89898,79820
Italy,Europe,https://cdn.countryflags.com/thumbs/italy/flag-button-round-250.png,799200,712200,922200,1019600,997500,1176500,1251500,1406900,1423000,1325000,1462400,1554400,1507800,1659100,1531400,1795700,1563800,1433600,1684200,1539700,1751600,1497600,2298700,1557400,2162100,2217500,1342900,2169630,2066640,1760700,1842200,2112386,2109183,1808950,1596798,1771097,1823640,1293580,1732426,1876182,1723900,1723630,1733676,2105053,2261404,2346071,2527500,2166900,2421284,2393663,2469939,1770503,1700778,1668709,1905103,1590303,1621682,1522213
Jamaica,Latin America & the Caribbean,https://cdn.countryflags.com/thumbs/jamaica/flag-button-round-250.png,52013,77000,78771,76345,75960,79772,82236,85085,73304,65142,72726,83160,23408,39309,40849,41234,42042,49665,31224,43159,33000,34864,33598,30006,44611,44376,80015,53888,61236,63522,42416,58460,72000,135944,140844,143292,140000,135000,140000,138000,137000,135000,137000,124000,111501,106852,112632,112701,118440,108376,100093,91657,79178,67302,74336,74217,72990,70758
Japan,Asia & the Pacific,https://cdn.countryflags.com/thumbs/japan/flag-button-round-250.png,183700,184500,139000,207600,236800,250000,244300,260200,354300,261800,347100,289600,390800,324600,386800,365600,288600,360500,362900,401500,291500,370300,404900,384100,331200,349700,354700,285100,255100,219700,198300,196600,162000,144100,136400,124000,134000,124000,111000,104000,104400,98500,89800,88100,74700,65800,65000,63000,62000,59503,47938,37314,31507,38920,35913,35447,36760,36040
Jordan,Asia & the Pacific,https://cdn.countryflags.com/thumbs/jordan/flag-button-round-250.png,12000,15741,25650,26658,35636,29252,33578,13961,24296,10000,6400,8200,8511,19960,5606,5685,19896,13179,13067,26054,29000,32000,30999,13400,27802,18039,24787,20550,20648,26383,24503,35056,22857,29752,21243,24537,29799,38107,18508,39904,32466,34184,41007,41080,43946,46686,35190,36336,43361,43011,38709,40581,39976,38924,51754,51311,33355,42178
Kazakhstan,Asia & the Pacific,https://cdn.countryflags.com/thumbs/kazakhstan/flag-button-round-250.png,"","","","","","","","","","","","","","","","","","","","","","","","","","","","","","","","","","","","","","","","","","","","","","","","","","","","","","","","","",""
Kenya,Africa,https://cdn.countryflags.com/thumbs/kenya/flag-button-round-250.png,5000,5500,6000,6500,7000,7500,8000,8500,9000,9500,10000,10500,11000,11500,12000,12500,13000,13500,14000,14500,15000,16000,17000,18000,19000,20000,22000,23000,24000,25000,26000,27000,26601,26479,26000,27000,28483,28000,27000,26000,26499,24328,24010,21033,27817,39000,65000,80000,96869,107735,65511,61030,99432,135263,107121,85233,72437,89021
Kiribati,Asia & the Pacific,https://cdn.countryflags.com/thumbs/kiribati/flag-button-round-250.png,"","","","","","","","","","","","","","","","","","","","","","","","","","","","","","","","","","","","","","","","","","","","","","","","","","","","","","","","","",""
Kuwait,Asia & the Pacific,https://cdn.countryflags.com/thumbs/kuwait/flag-button-round-250.png,6,7,10,10,10,12,12,14,15,21,23,23,32,34,37,39,40,39,37,40,38,20,10,8,1,1,5,10,14,15,10,3,3,122,115,123,126,96,20,11,7,14,13,107,129,30,72,85,84,122,132,131,144,152,406,199,257,257
Kyrgyzstan,Asia & the Pacific,https://cdn.countryflags.com/thumbs/kyrgyzstan/flag-button-round-250.png,"","","","","","","","","","","","","","","","","","","","","","","","","","","","","","","","","","","","","","","","","","","","","","","","","","","","","","","","","",""
Laos,Asia & the Pacific,https://cdn.countryflags.com/thumbs/laos/flag-button-round-250.png,12600,13000,13500,12000,14000,14000,15000,13500,15000,17000,16000,17000,17000,17500,16000,17000,16000,15500,16500,18000,20000,20000,21000,22000,23000,23000,20000,18000,20000,21000,22000,22709,23427,24000,20000,22000,25000,28000,28294,29000,28000,29000,28000,37500,40400,42500,47000,48000,48500,46683,45170,42000,42878,43626,45543,44865,45111,45357
Latvia,Europe,https://cdn.countryflags.com/thumbs/latvia/flag-button-round-250.png,"","","","","","","","","","","","","","","","","","","","","","","","","","","","","","","","","","","","","","","","","","","","","","","","","","","","","","","","","",""
Lebanon,Asia & the Pacific,https://cdn.countryflags.com/thumbs/lebanon/flag-button-round-250.png,127000,133000,150000,145000,148556,163900,153848,161093,147783,178950,174425,183782,202604,234205,220000,220000,220000,230000,225000,220000,200000,205000,206000,220000,240000,215000,262952,269575,278080,280000,260829,262719,175000,137425,140000,150992,216090,181900,195200,152400,155800,155400,222000,234000,235600,231000,228700,228700,177000,118508,88182,170050,165764,175093,144848,136883,131630,126994
Lesotho,Africa,https://cdn.countryflags.com/thumbs/lesotho/flag-button-round-250.png,"","","","","","","","","","","","","","","","","","","","","","","","","","","","","","","","","","","","","","","","","","","","","","","","","","","","","","","","","",""
Liberia,Africa,https://cdn.countryflags.com/thumbs/liberia/flag-button-round-250.png,5000,5000,5000,5000,5000,5000,5000,5000,5100,5200,5330,5450,5600,5750,5900,6000,6200,6300,6500,6600,6700,6900,7000,7000,7200,7000,7000,7000,7000,6323,9341,9293,9245,9197,9149,9101,9052,9004,8956,8908,8860,8812,8764,8808,9271,11173,7200,8384,7804,8376,8000,8250,8072,8097,8033,7946,7871,7797
Libya,Africa,https://cdn.countryflags.com/thumbs/libya/flag-button-round-250.png,17522,18971,17533,10289,11872,11040,13784,21156,19347,16972,21754,23621,17184,27157,25389,31925,40144,31755,41522,51740,91340,84138,62144,67555,70000,72000,78000,82000,86000,91000,80000,70000,60000,53800,45000,40900,40100,40500,42000,42500,43000,42640,42500,44350,43717,43000,44500,45365,46000,46400,48207,50000,51668,53359,50927,51879,52577,53276
Liechtenstein,Europe,https://cdn.countryflags.com/thumbs/liechtenstein/flag-button-round-250.png,"","","","","","","","","","","","","","","","","","","","","","","","","","","","","","","","","","","","","","","","","","","","","","","","","","","","","","","","","",""
Lithuania,Europe,https://cdn.countryflags.com/thumbs/lithuania/flag-button-round-250.png,"","","","","","","","","","","","","","","","","","","","","","","","","","","","","","","","","","","","","","","","","","","","","","","","","","","","","","","","","",""
Luxembourg,Europe,https://cdn.countryflags.com/thumbs/luxembourg/flag-button-round-250.png,"","","","","","","","","","","","","","","","","","","","","","","","","","","","","","","","","","","","","","","","","","","","","","","","","","","","","","","","","",""
Macao,Asia & the Pacific,https://image.flaticon.com/icons/svg/197/197493.svg,"","","","","","","","","","","","","","","","","","","","","","","","","","","","","","","","","","","","","","","","","","","","","","","","","","","","","","","","","",""
Macedonia,Europe,https://cdn.countryflags.com/thumbs/macedonia/flag-button-round-250.png,"","","","","","","","","","","","","","","","","","","","","","","","","","","","","","","","","","","","","","","","","","","","","","","","","","","","","","","","","",""
Madagascar,Africa,https://cdn.countryflags.com/thumbs/madagascar/flag-button-round-250.png,15000,14000,14000,14000,13000,10000,8000,30000,47025,56750,42520,66810,67100,83865,81400,64615,79656,80005,59100,58860,60370,61390,62000,62620,62300,80800,80800,83000,84000,85000,84000,85000,86000,80000,82000,83000,84000,84000,85000,83000,84000,83000,85000,83000,86500,88000,90000,84114,82724,70000,82595,87000,86500,84317,83884,83954,83948,83942
Malawi,Africa,https://cdn.countryflags.com/thumbs/malawi/flag-button-round-250.png,"","","","","","","","","","","","","","","","","","","","","","","","","","","","","","",63050,63537,64024,64511,64998,65486,65973,66460,66947,67434,67921,68409,68896,69383,69870,70357,70844,71331,71819,72306,72793,72695,72807,72857,75969,73654,77943,58453
Malaysia,Asia & the Pacific,https://cdn.countryflags.com/thumbs/malaysia/flag-button-round-250.png,6500,7500,7500,9000,11000,10000,11500,14000,16000,19500,18500,12500,12500,12000,12500,10000,11200,11000,12000,12500,11000,10000,7500,7000,8200,8300,9900,10000,10800,10652,9617,10200,10404,10602,10620,11000,11830,12263,12000,13391,14162,15282,16111,19039,18511,18830,20604,17271,20586,21009,22580,16252,18666,16622,15537,13448,13245,13437
Maldives,Asia & the Pacific,https://cdn.countryflags.com/thumbs/maldives/flag-button-round-250.png,"","","","","","","","","","","","","","","","","","","","","","","","","","","","","","","","","","","","","","","","","","","","","","","","","","","","","","","","","",""
Mali,Africa,https://cdn.countryflags.com/thumbs/mali/flag-button-round-250.png,30000,7000,7000,7000,7300,7300,7500,7500,7500,8000,8500,8500,9000,9000,9000,9500,9500,9500,9500,10000,10000,10000,10500,10500,10500,11000,11000,11000,11500,12500,16151,16372,16629,16929,17288,17733,19512,25534,14460,40208,47833,13000,14000,73801,14397,20627,129077,169325,222550,388584,337118,384639,493369,91531,94105,486699,487794,284224
Malta,Europe,https://cdn.countryflags.com/thumbs/malta/flag-button-round-250.png,"","","","","","","","","","","","","","","","","","","","","","","","","","","","","","","","","","","","","",1100,1300,1200,1420,1333,1057,717,1390,1113,1188,1624,1165,1281,1467,1032,815,1115,1187,966,892,806
Marshall Islands,Asia & the Pacific,https://cdn.countryflags.com/thumbs/marshall-islands/flag-button-round-250.png,"","","","","","","","","","","","","","","","","","","","","","","","","","","","","","","","","","","","","","","","","","","","","","","","","","","","","","","","","",""
Mauritania,Africa,https://cdn.countryflags.com/thumbs/mauritania/flag-button-round-250.png,"","","","","","","","","","","","","","","","","","","","","","","","","","","","","","","","","","","","","","","","","","","","","","","","","","","","","","","","","",""
Mauritius,Africa,https://cdn.countryflags.com/thumbs/mauritius/flag-button-round-250.png,"","","","","","","","","","","","","","","","","","","","","","","","","","","","","","","","","","","","","","","","","","","","","","","","","","","","","","","","","",""
Mexico,Latin America & the Caribbean,https://cdn.countryflags.com/thumbs/mexico/flag-button-round-250.png,772382,882524,854844,845308,1400765,1447248,1805030,1721132,1626256,1254682,1565947,1613267,1797819,1420360,1615336,1787499,1856764,1902209,1902196,1743212,1822087,2083061,2098619,1656927,1770208,1952395,1966057,2076359,2372228,2220338,2369492,2541487,2913690,3191147,3571541,3984608,3943858,3331152,3520032,3812683,4034900,4020000,3846000,3977000,4112711,4156907,4248715,4297238,4193481,4051631,4079678,3666790,4409968,4533428,4515520,4603253,4629758,4737990
Moldova,Europe,https://cdn.countryflags.com/thumbs/moldova/flag-button-round-250.png,"","","","","","","","","","","","","","","","","","","","","","","","","","","","","","","","","","","","","","","","","","","","","","","","","","","","","","","","","",""
Monaco,Europe,https://cdn.countryflags.com/thumbs/monaco/flag-button-round-250.png,"","","","","","","","","","","","","","","","","","","","","","","","","","","","","","","","","","","","","","","","","","","","","","","","","","","","","","","","","",""
Mongolia,Asia & the Pacific,https://cdn.countryflags.com/thumbs/mongolia/flag-button-round-250.png,"","","","","","","","","","","","","","","","","","","","","","","","","","","","","","","","","","","","","","","","","","","","","","","","","","","","","","","","","",""
Montenegro,Europe,https://symondsflags.com/wp-content/uploads/2014/09/montenegro-flag.jpg,"","","","","","","","","","","","","","","","","","","","","","","","","","","","","","","","","","","","","","","","","","","","","",7199,5239,6883,7434,8491,7912,8821,8759,8766,9043,9321,9239,9413
Morocco,Africa,https://cdn.countryflags.com/thumbs/morocco/flag-button-round-250.png,438000,437000,436000,560000,456000,551800,648800,733700,668000,787400,637100,647800,818900,695600,552400,581400,640400,785000,645000,785000,685000,694000,690000,747000,686000,809000,651000,893000,993000,786000,1117000,810000,896000,948000,702000,1032306,804000,1103800,873500,870000,708000,723100,821600,719300,835000,788200,711500,732400,715000,849197,858587,961738,759290,1001246,869020,909237,1037218,1019150
Mozambique,Africa,https://cdn.countryflags.com/thumbs/mozambique/flag-button-round-250.png,9500,9500,12500,12500,12500,12500,12500,13000,13000,17000,18000,14500,20000,25000,20000,20000,20000,20000,20000,22000,25000,22000,20000,20000,20000,20000,20000,20000,25000,26000,20000,12000,12364,12597,13000,13818,14000,15000,14000,13268,13400,13500,16850,16850,16850,17900,18000,20000,21500,31706,36442,46000,52000,53000,55000,65000,68000,21593
Myanmar,Asia & the Pacific,https://cdn.countryflags.com/thumbs/myanmar/flag-button-round-250.png,"","","","","","","","","","","","","","","","","","","","","","","","","","","","","","","","","","","","","","","","","","","","","","","","","","","","","","","","","",""
Namibia,Africa,https://cdn.countryflags.com/thumbs/namibia/flag-button-round-250.png,"","","","","","","","","","","","","","","","","","","","","","","","","","","","","","","","","","","","","","","",1000,1084,1106,1100,3442,4362,4230,2983,397,1173,1687,1850,1899,1930,2010,1859,1933,1934,1909
Nauru,Asia & the Pacific,https://cdn.countryflags.com/thumbs/nauru/flag-button-round-250.png,"","","","","","","","","","","","","","","","","","","","","","","","","","","","","","","","","","","","","","","","","","","","","","","","","","","","","","","","","",""
Nepal,Asia & the Pacific,https://cdn.countryflags.com/thumbs/nepal/flag-button-round-250.png,"","","","","","","","","","","","","","","","","","","","","","","","","","","","","",31040,33600,34000,37000,38000,40000,24000,29000,28500,30550,30000,31800,32500,33500,33813,35474,36024,36736,48408,49331,50518,50679,39685,34765,35426,34675,33558,39113,41556
Netherlands,Europe,https://cdn.countryflags.com/thumbs/netherlands/flag-button-round-250.png,"","","","","","","","","","","","","","","","","","","","","","","","","","","","","","","","","","","","","","","","","","","","","","","","","","","","","","","","","",""
New Zealand,Oceania,https://cdn.countryflags.com/thumbs/new-zealand/flag-button-round-250.png,330,520,490,690,650,705,705,1060,1181,1772,1791,2123,2341,2812,2838,3589,3432,5802,6343,6456,7943,10000,8500,8200,9000,8000,10000,6000,12000,13047,12000,9000,21100,22800,21000,17100,18000,9500,9000,5000,7500,7500,6000,7000,7000,7076,8800,9200,9300,8687,8256,9214,8814,8830,8241,7938,7730,7242
Nicaragua,Latin America & the Caribbean,https://cdn.countryflags.com/thumbs/nicaragua/flag-button-round-250.png,28200,30000,31800,33300,35300,36200,38600,40100,42700,44900,47000,50000,45000,50000,50000,52000,53000,54000,53000,52000,53000,53700,55000,60000,61000,62000,63000,64000,65000,66000,67500,68000,70000,71000,72000,72000,71500,71000,71000,65000,70000,66000,70000,69000,72000,72000,85000,87000,89250,92571,95776,100000,101776,103603,108350,112119,115408,118696
Niger,Africa,https://cdn.countryflags.com/thumbs/niger/flag-button-round-250.png,"","","","","","","","","","","","","","","","","","","","","","","","","","","","","","","","","","","","","","","","","","","","","","","","","","","","","","","","","",""
Nigeria,Africa,https://cdn.countryflags.com/thumbs/nigeria/flag-button-round-250.png,"","","","","","","","","","","","","","","","","","","","","","","","","","","","","","","","","","","","","","","","","","","","","","","","","","","","","","","","","",""
North Korea,Asia & the Pacific,https://cdn.countryflags.com/thumbs/north-korea/flag-button-round-250.png,"","","","","","","","","","","","","","","","","","","","","","","","","","","","","","","","","","","","","","","","","","","","","","","","","","","","","","","","","",""
Norway,Europe,https://cdn.countryflags.com/thumbs/norway/flag-button-round-250.png,"","","","","","","","","","","","","","","","","","","","","","","","","","","","","","","","","","","","","","","","","","","","","","","","","","","","","","","","","",""
Oman,Asia & the Pacific,https://cdn.countryflags.com/thumbs/oman/flag-button-round-250.png,"","","","","","","","","","","","","","","","","","","","","","","","","","","","","","","","","","","","","","","","","","","","","","","","","","","","","","","","","",""
Pakistan,Asia & the Pacific,https://cdn.countryflags.com/thumbs/pakistan/flag-button-round-250.png,255000,191000,290000,357000,352000,340000,330000,345000,299000,312000,326000,346000,394000,466000,470000,498000,436000,515000,609400,684200,811800,871500,910200,961100,1004000,1026900,987900,1095600,1103500,1126400,1140900,1165700,1294600,1352900,1371600,1400000,1425900,1303000,1360000,1328000,1281000,1190000,1232000,1360600,1721000,1720867,1030730,1606150,1492400,1505000,1387540,1503140,1401180,1517403,1676885,1640860,1582336,1589856
Palau,Asia & the Pacific,https://cdn.countryflags.com/thumbs/palau/flag-button-round-250.png,"","","","","","","","","","","","","","","","","","","","","","","","","","","","","","","","","","","","","","","","","","","","","","","","","","","","","","","","","",""
Palestine,Asia & the Pacific,https://vectorflags.s3-us-west-2.amazonaws.com/flags/ps-circle-01.png,"","","","","","","","","","","","","","","","","","","","","","","","","","","","","","","","","",110372,96711,117124,115883,103662,97252,76721,83564,71071,46836,41193,37709,36276,35366,38428,29300,16694,11349,9774,5891,15394,16742,15952,16029,16241
Panama,Latin America & the Caribbean,https://cdn.countryflags.com/thumbs/panama/flag-button-round-250.png,39200,39400,39700,40000,40300,40900,41200,41500,41700,54600,56400,58300,60300,62300,62363,62379,62398,62417,64690,31781,32379,32987,33607,34239,34883,35539,36207,34473,29891,26330,26901,27485,26902,26332,26903,27487,26905,27488,26906,27490,36945,38135,39362,40630,41938,44683,46121,47606,49139,50722,44006,44961,45936,46933,47952,39536,40394,40967
Papua New G.,Asia & the Pacific,https://cdn.countryflags.com/thumbs/papua-new-guinea/flag-button-round-250.png,"","","","","","","","","","","","","","","","","","","","","","","","","","","","","","","","","","","","","","","","","","","","","","","","","","","","","","","","","",""
Paraguay,Latin America & the Caribbean,https://cdn.countryflags.com/thumbs/paraguay/flag-button-round-250.png,132580,153267,157283,161552,170833,153750,158310,163155,168450,177000,183060,177350,185967,149409,165684,194473,198228,181650,170000,180000,168832,190000,205000,201085,211140,200583,190177,171160,173097,174828,168156,177217,178710,171483,171530,172408,186289,208009,230632,201802,209247,207155,316903,319438,301700,296375,260000,224800,226089,229898,229898,229898,229530,231000,222725,223426,223426,223426
Peru,Latin America & the Caribbean,https://cdn.countryflags.com/thumbs/peru/flag-button-round-250.png,118800,125400,133000,143000,149000,172674,190791,213168,243309,243495,236942,213448,209544,212855,178272,172924,157896,152518,145154,125576,139273,137548,128006,156125,145438,155762,184208,193908,190745,162624,173732,121317,151737,204168,228280,223460,220874,229213,257018,255747,278219,292361,305757,330352,334495,353839,344267,379977,377598,394573,418631,428753,436388,450423,456154,490869,498454,502822
Philippines,Asia & the Pacific,https://cdn.countryflags.com/thumbs/philippines/flag-button-round-250.png,5100,6800,6966,6712,9276,8766,9548,9520,10004,11137,9699,12126,13492,11069,10948,17686,18890,19621,18415,19260,21673,23505,19832,19600,18577,19971,16231,17895,18000,9223,9338,8884,8366,8258,8270,8705,9266,8531,8188,8021,8243,7804,7432,6293,5794,5234,5148,4870,4663,4337,3984,3827,3513,3325,3219,2861,2634,2365
Poland,Europe,https://cdn.countryflags.com/thumbs/poland/flag-button-round-250.png,"","","","","","","","","","","","","","","","","","","","","","","","","","","","","","","","","","","","","","","","","","","","","","","","","","","","","","","","","",""
Portugal,Europe,https://cdn.countryflags.com/thumbs/portugal/flag-button-round-250.png,131000,156000,103000,149000,154000,131000,129000,91870,109570,97780,92430,130240,129530,114291,120006,104405,115976,97305,113924,111000,110000,128000,130000,135000,139000,150434,163611,157984,159741,176597,171127,177198,173080,189198,208241,178210,211419,270251,213975,257340,220008,273224,267936,237988,205490,218365,194779,159663,183471,193885,228101,208980,236800,251519,246639,299583,319743,344136
Puerto Rico,Latin America & the Caribbean,https://image.flaticon.com/icons/svg/323/323292.svg,28848,30118,33203,39916,34291,37194,29937,31207,32767,29393,32658,30844,31751,31207,33566,31751,32296,33566,31752,31207,29030,30119,29393,30337,29574,27651,27615,27978,27833,29212,28123,26000,24495,18140,17414,16689,16057,14883,8336,26403,16925,16750,17523,17680,18765,18900,19500,17052,16642,15603,15092,14560,14078,10966,13177,13169,12781,12494
Qatar,Asia & the Pacific,https://cdn.countryflags.com/thumbs/qatar/flag-button-round-250.png,"","","","","","","","","","","","","","","","","","","","","","","","","","","","","","","","","","","","","","","","","","","","","","","","","","","","","","","","","",""
Romania,Europe,https://cdn.countryflags.com/thumbs/romania/flag-button-round-250.png,"","","","","","","","","","","","","","","","","","","","","","","","","","","","","","","","","","","","","","","","","","","","","","","","","","","","","","","","","",""
Russia,Europe,https://cdn.countryflags.com/thumbs/russia/flag-button-round-250.png,"","","","","","","","","","","","","","","","","","","","","","","","","","","","","","","","","","","","","","","","","","","",220,350,380,270,70,60,130,110,108,109,113,81,62,84,83
Rwanda,Africa,https://cdn.countryflags.com/thumbs/rwanda/flag-button-round-250.png,"","","","","","","","","","","","","","","","","","","","","","","","","","","","","","","","","","","","","","","","","","","","",1000,1200,1400,1582,4722,5000,4674,5600,4188,3747,3708,3504,2800,3458
St K. & Nevis,Latin America & the Caribbean,https://cdn.countryflags.com/thumbs/saint-kitts-and-nevis/flag-button-round-250.png,"","","","","","","","","","","","","","","","","","","","","","","","","","","","","","","","","","","","","","","","","","","","","","","","","","","","","","","","","",""
St Lucia,Latin America & the Caribbean,https://cdn.countryflags.com/thumbs/saint-lucia/flag-button-round-250.png,130,135,135,140,140,150,150,152,154,156,158,160,165,170,175,180,190,209,206,217,256,302,281,304,300,310,310,320,330,340,400,500,600,650,660,674,1597,705,888,1415,1000,602,600,658,512,588,596,686,700,635,617,601,429,488,574,550,539,528
St V. & G.,Latin America & the Caribbean,https://cdn.countryflags.com/thumbs/saint-vincent-and-the-grenadines/flag-button-round-250.png,200,200,200,200,200,210,210,210,220,220,230,250,260,260,250,250,250,260,260,270,250,230,200,178,263,349,349,500,700,900,950,967,981,994,960,973,954,937,830,800,1200,1400,1523,1600,1607,1650,1700,1750,1800,950,1350,1325,1239,1097,953,875,901,1001
Samoa,Asia & the Pacific,https://cdn.countryflags.com/thumbs/samoa/flag-button-round-250.png,"","","","","","","","","","","","","","","","","","","","","","","","","","","","","","","","","","","","","","","","","","","","","","","","","","","","","","","","","",""
San Marino,Europe,https://cdn.countryflags.com/thumbs/san-marino/flag-button-round-250.png,"","","","","","","","","","","","","","","","","","","","","","","","","","","","","","","","","","","","","","","","","","","","","","","","","","","","","","","","","",""
Sao Tome & P.,Africa,https://cdn.countryflags.com/thumbs/sao-tome-and-principe/flag-button-round-250.png,"","","","","","","","","","","","","","","","","","","","","","","","","","","","","","","","","","","","","","","","","","","","","","","","","","","","","","","","","",""
Saudi Arabia,Asia & the Pacific,https://cdn.countryflags.com/thumbs/saudi-arabia/flag-button-round-250.png,"","","","","","","","","","","","","","","","","","","","","","","","","","","","","","","","","","","","","","","","","","","","","","","","","","","","","","","","","",""
Senegal,Africa,https://cdn.countryflags.com/thumbs/senegal/flag-button-round-250.png,3000,3000,3000,3000,2000,2000,1000,2000,2000,3000,3000,2105,9080,12000,16000,17000,18000,18500,18700,19000,19500,20000,19500,19300,22000,23000,24000,26000,31000,28000,26000,24000,26928,30547,28000,30860,30000,29309,28000,31000,27950,29435,32850,24350,35500,38600,40000,30000,40000,40000,50000,45000,40000,50000,50000,49163,49127,50597
Serbia,Europe,https://cdn2.iconfinder.com/data/icons/world-flag-icons/256/Flag_of_Serbia.png,"","","","","","","","","","","","","","","","","","","","","","","","","","","","","","","","","","","","","","","","","","","","","","","","","","","","","","","","","",""
Seychelles,Africa,https://cdn.countryflags.com/thumbs/seychelles/flag-button-round-250.png,8,8,9,10,0,0,0,0,0,0,0,0,0,0,0,0,0,19,20,20,20,22,25,27,30,30,30,30,30,31,19,20,20,22,25,20,25,26,30,30,31,32,33,34,35,36,37,38,39,40,38,39,42,43,43,43,44,45
Sierra Leone,Africa,https://cdn.countryflags.com/thumbs/sierra-leone/flag-button-round-250.png,"","","","","","","","","","","","","","","","","","","","","","","","","","","","","","","","","","","","","","","","","","","","","","","","","","","","","","","","","",""
Singapore,Asia & the Pacific,https://cdn.countryflags.com/thumbs/singapore/flag-button-round-250.png,"","","","","","","","","","","","","","","","","","","","","","","","","","","","","","","","","","","","","","","","","","","","","","","","","","","","","","","","","",""
Slovakia,Europe,https://cdn.countryflags.com/thumbs/slovakia/flag-button-round-250.png,"","","","","","","","","","","","","","","","","","","","","","","","","","","","","","","","","","","","","","","","","","","","","","","","","","","","","","","","","",""
Slovenia,Europe,https://cdn.countryflags.com/thumbs/slovenia/flag-button-round-250.png,"","","","","","","","","","","","","","","","","","","","","","","","","","","","","","","","","","","","","","","","","","","","","","","","","","","","","","","","","",""
Solomon Islands,Asia & the Pacific,https://cdn.countryflags.com/thumbs/solomon-islands/flag-button-round-250.png,"","","","","","","","","","","","","","","","","","","","","","","","","","","","","","","","","","","","","","","","","","","","","","","","","","","","","","","","","",""
Somalia,Africa,https://cdn.countryflags.com/thumbs/somalia/flag-button-round-250.png,5000,5200,5400,5500,5700,5800,6000,6100,6300,6500,6700,6800,7000,7100,7300,7300,7500,7500,7700,7800,8000,8000,8200,8300,8400,8500,8600,8700,8800,8900,7000,4000,7000,8000,7943,7688,7666,7800,7900,8000,8500,8475,8700,8760,9000,8700,8841,8874,8603,8500,9582,11000,11000,10644,10347,10415,10515,10614
South Africa,Africa,https://cdn.countryflags.com/thumbs/south-africa/flag-button-round-250.png,382904,433286,435384,470788,441527,436638,492000,502676,459014,506051,460323,554912,511576,585118,552948,600096,502508,592585,563056,546797,582358,531875,502962,483490,549558,546001,641269,713457,711625,775770,714396,756399,779846,877045,747619,914535,979814,967159,1153710,1167284,1297964,1238334,1325043,1125769,1245779,1345966,1408083,1522452,1369474,1414585,1495566,1644434,1810559,1796805,1762579,1366032,1459757,1775760
South Korea,Asia & the Pacific,https://cdn.countryflags.com/thumbs/south-korea/flag-button-round-250.png,"","","","","","","","","","","","","","","","","","","","","","","","","","","","","","","","","","","","","","","","","","","","","","","","","","","","","","","","","",""
South Sudan,Africa,https://www.worldatlas.com/r/w728-h425-c728x425/upload/b1/9f/c9/ss-flag.jpg,"","","","","","","","","","","","","","","","","","","","","","","","","","","","","","","","","","","","","","","","","","","","","","","","","","","","","","","","","",""
Spain,Europe,https://cdn.countryflags.com/thumbs/spain/flag-button-round-250.png,1704200,1213100,1815600,1621600,1756300,1996200,1820800,1618500,2187660,1622800,1840700,2259600,2080600,1920600,2015600,1805500,1791800,1651000,1791900,1711000,1468500,1703500,2081400,1352825,1968392,2079200,2453800,2252000,2690000,2604000,2665000,2941000,2523000,2712000,2587300,2200800,2845041,2455390,2690550,2616220,2898377,2963061,3052175,2767148,2376230,3397011,2740280,3410288,2669355,3114800,2818888,2942280,3394100,3494471,2935370,3673915,3357163,3639853
Sri Lanka,Asia & the Pacific,https://cdn.countryflags.com/thumbs/sri-lanka/flag-button-round-250.png,9600,10416,15019,15642,13593,11207,12000,11815,7379,7950,7581,7251,10170,6914,6975,7970,8101,10144,10698,12025,8385,7100,15721,6991,5971,4441,4298,4730,3836,3337,2871,2880,2800,2963,2941,3000,3993,5020,4800,5320,5330,5620,5050,5450,5910,6040,6380,5770,6630,7150,7230,6939,7325,7575,7280,47647,46990,56788
Sudan,Africa,https://cdn.countryflags.com/thumbs/sudan/flag-button-round-250.png,"","","","","","","","","","","","","","","","","","","","","","","","","","","","","","","","","","","","","","","","","","","","","","","","","","","",138000,139380,150000,152000,152330,157470,161735
Suriname,Latin America & the Caribbean,https://cdn.countryflags.com/thumbs/suriname/flag-button-round-250.png,3587,8937,10253,6887,9244,10029,11134,9077,11809,9816,10030,11575,11600,9900,9500,9000,10200,4780,7048,8756,9375,7717,8673,8659,9560,9550,11161,10013,12638,13405,13335,14130,15530,15132,14252,10335,11854,11165,10264,9817,10445,11335,13037,12400,13039,13610,13651,13454,12709,15138,16118,15566,17502,14599,10455,10340,19145,19131
Swaziland,Africa,https://cdn.countryflags.com/thumbs/swaziland/flag-button-round-250.png,15000,15000,16500,16500,17500,18000,28000,35000,42000,50000,50000,53000,55000,50000,50000,50000,48000,44000,43000,45000,50000,54000,48000,47000,45000,50000,42000,40000,25000,35000,33000,35000,23000,48160,28574,32874,33214,31218,35000,36000,36664,38000,41000,42000,40000,39000,40000,38000,36000,42500,43000,45000,42499,42567,43337,43449,43812,44184
Sweden,Europe,https://cdn.countryflags.com/thumbs/sweden/flag-button-round-250.png,"","","","","","","","","","","","","","","","","","","","","","","","","","","","","","","","","","","","","","","","","","","","","","","","","","","","","","","","","",""
Switzerland,Europe,https://cdn.countryflags.com/thumbs/switzerland/flag-button-round-250.png,"","","","","","","","","","","","","","","","","","","","","","","","","","","","","","","","","","","","","","","","","","","","","","","","","","","","","","","","","",""
Syria,Asia & the Pacific,https://cdn.countryflags.com/thumbs/syria/flag-button-round-250.png,2700,2800,2700,2400,2700,4600,4700,2999,5565,4304,8971,8363,14265,16251,14752,21671,24530,21124,31579,34973,39438,44936,50600,59800,38515,81200,105089,136184,154900,171000,202247,154000,233150,341100,303086,372521,236000,438960,356551,407066,464894,427148,398800,495500,452600,554100,602930,657700,689751,668900,733960,542207,792227,693046,762679,799964,794942,818094
Taiwan,Asia & the Pacific,https://cdn.countryflags.com/thumbs/taiwan/flag-button-round-250.png,2607,3404,4974,5167,5787,10033,13113,20060,23268,36111,50717,70740,82495,90200,86900,96000,92100,93400,99700,113856,90499,125120,124541,119217,142991,131836,224126,233756,220768,209163,190868,166557,140281,110268,112798,101986,109963,111447,121398,126631,135639,142681,204575,211409,193847,228225,192910,254125,231549,185289,178829,162345,160496,162533,139494,131329,153966,142397
Tajikistan,Asia & the Pacific,https://cdn.countryflags.com/thumbs/tajikistan/flag-button-round-250.png,"","","","","","","","","","","","","","","","","","","","","","","","","","","","","","","","","","","",1000,1000,1000,1000,1000,500,600,400,600,600,900,700,1200,1000,1100,1300,1600,1700,1800,1700,1733,1744,1726
Tanzania,Africa,https://cdn.countryflags.com/thumbs/tanzania/flag-button-round-250.png,"","","","","","","","","","","","","","","","","","","","","","","","","","","","","","","","","","","",7000,12000,15000,18000,25000,30000,35000,50000,65000,85000,100000,130000,175000,200000,240000,290000,315000,360024,321675,332233,337977,450000,373403
Thailand,Asia & the Pacific,https://cdn.countryflags.com/thumbs/thailand/flag-button-round-250.png,125000,125000,125000,125000,125000,137500,137500,137500,137500,137500,150000,150000,150000,150000,150000,175000,175000,175000,175000,175000,187500,133000,187700,133000,238300,259000,280000,277300,351500,300000,312532,325000,318238,318289,317316,315000,317463,320000,321202,325000,331404,340000,346771,350000,362202,373074,383079,393664,399838,414464,425000,450000,460000,472919,478601,491915,504170,516426
Timor,Asia & the Pacific,https://image.flaticon.com/icons/svg/197/197410.svg,"","","","","","","","","","","","","","","","","","","","","","","","","","","","","","","","",211,1201,683,1223,728,413,210,300,400,600,747,959,1112,1260,1451,1689,1689,1689,1657,1696,1739,1767,1894,1882,1930,1981
Togo,Africa,https://cdn.countryflags.com/thumbs/togo/flag-button-round-250.png,6000,6000,6000,6000,6000,7000,7200,7400,7600,7800,8000,8200,8400,8800,8900,9000,9000,9000,9500,11000,11000,11000,11500,11000,11500,12000,12000,12000,12000,10839,12265,12311,12100,12113,12125,12137,12150,12162,12175,12185,12198,12212,12226,12241,12200,12500,13000,13500,14000,13800,14000,14500,14044,14106,14685,14915,15105,15296
Tonga,Asia & the Pacific,https://cdn.countryflags.com/thumbs/tonga/flag-button-round-250.png,1000,1000,1016,2000,2000,2000,2000,2000,2000,2000,2000,2000,2100,2200,2300,2400,2500,2500,2500,2500,2500,2450,2700,2750,2700,2700,2700,2700,2700,1000,788,745,701,655,500,574,545,453,230,690,1000,952,896,912,923,1100,1150,975,943,910,875,750,839,894,736,669,633,679
Trinidad & T.,Latin America & the Caribbean,https://cdn.countryflags.com/thumbs/trinidad-and-tobago/flag-button-round-250.png,17000,18000,13154,17645,19232,19414,19459,19000,14969,17826,10795,15000,8106,12098,12000,13400,6600,7100,7100,6700,6700,6800,6800,6800,6800,6800,6800,6800,7500,9072,13095,9303,11260,15965,14906,7140,6785,4193,6169,3878,1675,4987,4000,4000,3500,3500,3500,4000,3800,3233,2850,2725,2695,2841,2658,2174,2242,2242
Tunisia,Africa,https://cdn.countryflags.com/thumbs/tunisia/flag-button-round-250.png,62500,64400,43400,60000,62000,51600,75900,43000,66400,64100,43500,74500,46000,70000,88500,104300,90600,120100,106400,92100,140700,93000,81200,129000,122000,151000,147000,120000,144000,123200,117300,98400,156000,104900,101000,114000,101000,121500,104500,115000,110000,106000,95000,94700,101400,126500,104100,142500,115500,136700,139400,145000,130000,121500,146500,111700,186900,144499
Turkey,Asia & the Pacific,https://cdn.countryflags.com/thumbs/turkey/flag-button-round-250.png,177836,188051,257380,252900,300000,310000,380000,476000,414100,445000,460000,466600,470000,500000,540000,545000,650000,656000,680000,679000,675000,656000,730000,761000,505000,750000,700000,740000,740000,735000,830000,820000,840000,920000,842000,890000,740000,970000,1100000,1070000,1250000,1250000,1250000,1300000,1445000,1535806,1426965,1427156,1689921,1710500,1730146,1661111,1781258,1779675,1816798,1850000,1950000,1900000
Turkmenistan,Asia & the Pacific,https://cdn.countryflags.com/thumbs/turkmenistan/flag-button-round-250.png,"","","","","","","","","","","","","","","","","","","","","","","","","","","","","","","","","","","","","","","","","","","","","","","","","","","","","","","","","",""
Tuvalu,Asia & the Pacific,https://cdn.countryflags.com/thumbs/tuvalu/flag-button-round-250.png,"","","","","","","","","","","","","","","","","","","","","","","","","","","","","","","","","","","","","","","","","","","","","","","","","","","","","","","","","",""
Uganda,Africa,https://cdn.countryflags.com/thumbs/uganda/flag-button-round-250.png,"","","","","","","","","","","","","","","","","","","","","","","","","","","","","","","","","","","","","","","","","","","","","","","","","","","","","","","","","",""
Ukraine,Europe,https://cdn.countryflags.com/thumbs/ukraine/flag-button-round-250.png,"","","","","","","","","","","","","","","","","","","","","","","","","","","","","","","","","","","","","","","","","","","","","","","","","","","","","","","","","",""
U.A.E,Asia & the Pacific,https://cdn.countryflags.com/thumbs/united-arab-emirates/flag-button-round-250.png,"","","","","","","","","","","","","","","","","","","","","","","","","","","","","","","","","","","","","","","","","","","","","","","","","","","","","","","","","",""
U.K,Europe,https://cdn.countryflags.com/thumbs/united-kingdom/flag-button-round-250.png,"","","","","","","","","","","","","","","","","","","","","","","","","","","","","","","","","","","","","","","","","","","","","","","","","","","","","","","","","",""
U.S.A,North America,https://cdn.countryflags.com/thumbs/united-states-of-america/flag-button-round-250.png,4583450,5480200,4070500,3542530,4698890,5447640,7190068,4934174,7168659,7278428,7459320,7472656,8833613,8514791,9294059,9519000,9567170,8659990,8309810,10733810,9513600,6895000,8635000,6570000,6095000,6782000,6982000,7757000,8118000,7026000,7120000,8082000,9972000,9370000,10371000,10366000,11514000,12401000,8912180,11790680,11086700,11225500,10473451,11677285,8393270,8166480,6917286,9140790,8280780,7477924,8078490,8268000,7500604,6139826,5763340,5522940,4615760,4833480
Uruguay,Latin America & the Caribbean,https://cdn.countryflags.com/thumbs/uruguay/flag-button-round-250.png,35377,36000,37000,39000,38000,40654,41500,42000,42000,42142,42500,43000,44000,40000,41000,42000,47300,34800,44000,61618,58000,68500,65000,67000,75000,85000,78829,93200,85000,117325,121414,149100,135000,141650,126640,141220,166093,185209,149687,109156,189007,115769,131578,124091,176500,138279,186272,128930,130100,154211,135180,156700,117535,150617,112042,139100,131972,106864
Uzbekistan,Asia & the Pacific,https://cdn.countryflags.com/thumbs/uzbekistan/flag-button-round-250.png,"","","","","","","","","","","","","","","","","","","","","","","","","","","","","","","","","","","","","","","","","","","","","","","","","","","","","","","","","",""
Vanuatu,Asia & the Pacific,https://image.flaticon.com/icons/svg/197/197489.svg,"","","","","","","","","","","","","","","","","","","","","","","","","","","","","","","","","","","","","","","","","","","","","","","","","","","","","","","","","",""
Vatican,Europe,https://cdn.countryflags.com/thumbs/vatican-city/flag-button-round-250.png,"","","","","","","","","","","","","","","","","","","","","","","","","","","","","","","","","","","","","","","","","","","","","","","","","","","","","","","","","",""
Venezuela,Latin America & the Caribbean,https://cdn.countryflags.com/thumbs/venezuela/flag-button-round-250.png,112448,118254,124416,130958,137908,156979,167810,179389,191767,205000,219428,233100,243439,251214,265684,250314,319969,313626,329787,331111,368128,372325,384239,362453,370173,384217,388454,423803,425817,433056,438169,444580,410718,499804,593497,542936,513709,475023,462579,496768,456495,341645,333272,374419,374417,377881,389842,382561,384445,399748,475236,377323,378421,433092,407617,309929,295389,363453
Vietnam,Asia & the Pacific,https://cdn.countryflags.com/thumbs/vietnam/flag-button-round-250.png,35000,40000,47000,51000,56000,60000,64000,66000,70000,75000,81000,84000,87000,90000,80000,85000,88000,91300,86000,83300,71300,106000,119000,110000,111265,112000,103000,103000,100998,119238,121094,160111,249700,285614,379405,444500,393300,401500,383500,426700,427700,435300,497300,540500,601300,623000,654700,678600,693500,729400,531334,520846,531958,589530,566115,636919,768319,852685
Yemen,Asia & the Pacific,https://cdn.countryflags.com/thumbs/yemen/flag-button-round-250.png,"","","","","","","","","","","","","","","","","","",2600,2700,2442,2561,2561,2671,2785,4912,5715,4957,8271,9692,10823,12457,14898,18777,39677,70831,85262,149822,156335,158473,158940,163149,166100,70604,83979,101049,129098,131241,112502,120722,119997,120241,120094,120212,110595,107135,107019,109883
Zambia,Africa,https://cdn.countryflags.com/thumbs/zambia/flag-button-round-250.png,1000,3000,2000,2000,2000,2100,2200,2300,2300,2000,2200,2300,2400,2500,2600,2700,2800,2900,3000,3100,3200,3200,3300,3300,3400,3500,3600,3700,3800,3900,4000,3500,3600,3700,3500,3477,3400,3300,3400,3500,3600,3700,3800,3600,3574,3500,3384,3267,3000,3500,3907,4400,4400,4333,3883,3941,3964,3987
Zimbabwe,Africa,https://cdn.countryflags.com/thumbs/zimbabwe/flag-button-round-250.png,15000,17000,16000,17000,18000,18000,19000,20000,20000,21000,23000,25000,26000,28000,30000,25000,29000,27000,30000,29000,32000,31000,33000,33000,37000,40000,43000,49000,55000,62000,65000,60000,72000,75000,70000,71000,73000,70000,80000,98000,90000,93000,90817,95000,91589,89462,88169,87082,84131,79000,90284,98000,98000,97367,96473,96135,96470,96805
[WORLD AVERAGE],World,https://webcomicms.net/sites/default/files/clipart/128927/axis-cliparts-128927-7947916.png,15976472,16634907,16664757,16614897,18775889,20772653,23447806,22029679,25191780,24930824,26380955,27709070,30633788,31437163,32298669,34031353,33901228,33867493,34773497,40014509,39686479,38131248,41539653,38989844,40875849,42236418,43801277,46060072,50877752,49705740,52061162,54133973,55521277,54874955,58526772,60831319,65704345,61733706,61805080,63918754,60214841,62137355,59923417,65012392,63206739,65460939,65331431,69376399,68468361,70609398,72454864,70386187,73149708,72214543,72401010,72878110,73570616,75538468
